ids,Predicted
25672,0
59964,1
66230,2
50801,0
83307,1
91787,6
58429,8
99131,6
80125,5
25082,0
37535,3
28128,4
52636,6
63925,4
43271,8
38036,5
54620,2
61416,3
74550,6
40888,4
49889,4
58702,4
38675,2
89732,1
65266,5
69186,7
67426,8
34744,4
21450,4
49381,1
62348,7
76542,7
63348,7
22624,8
81445,1
32572,0
40068,9
30250,8
70825,0
84690,8
20991,6
56127,6
86208,4
57617,2
81944,2
65695,0
74511,3
35715,3
24710,2
74948,3
42558,2
23142,4
61813,9
73095,3
60517,0
83239,9
27989,9
88497,4
80064,6
59218,3
70938,4
79502,5
67337,4
66989,6
42838,1
45432,1
99950,0
73503,9
74623,5
86195,2
85871,7
89572,3
47700,4
69955,2
73068,5
68676,7
97211,1
51436,6
76766,1
56592,0
54091,9
89080,8
91436,1
31162,6
37787,4
59003,8
58444,9
94671,4
96090,1
48650,6
86683,3
28923,4
80490,2
33243,2
33376,0
70098,4
32859,4
27828,7
86696,7
22348,3
97292,9
92242,2
85423,9
66808,6
20148,8
69852,2
49188,3
46819,9
90676,2
64255,7
74085,5
84262,5
23433,3
64682,4
89730,7
39257,5
85277,6
68597,2
58172,7
74344,1
76740,0
29923,5
55642,4
60197,4
56643,7
59965,0
75819,8
33792,5
81470,6
27589,3
35044,1
37402,7
83100,9
47056,4
76274,9
26512,6
26450,4
39209,2
29741,0
65201,4
22912,3
41997,3
34632,3
61348,2
89061,2
37590,6
30417,6
45608,0
74383,1
47710,3
46217,4
91770,3
40691,3
94476,1
63619,9
99108,0
66297,3
71727,3
40577,9
71901,5
95169,2
44394,7
25746,7
93828,3
74267,2
48600,4
91562,6
83633,0
67564,7
60624,2
48978,4
75916,8
85258,9
33766,0
50738,2
96565,4
77683,4
81255,5
33909,7
72087,9
49847,7
72195,1
34951,3
56816,9
92917,1
44144,5
92202,5
56928,6
77278,0
52873,7
97815,4
82582,7
59413,1
97766,6
22386,1
88803,0
70052,6
98954,4
62022,6
24449,9
56317,0
61404,2
99335,4
20777,5
49296,5
20359,8
73365,0
90562,2
40716,1
71675,9
24079,4
60298,4
31696,7
59911,1
46582,9
46921,5
20251,9
87438,0
76095,2
86303,8
96664,5
28798,7
89429,9
31839,3
70617,2
49610,4
30649,5
64040,9
95619,8
75825,1
47064,9
46999,7
24589,0
44732,2
88541,9
83324,7
53928,2
77796,0
99104,9
97018,2
82248,1
88226,5
48869,7
76927,7
45159,0
91759,2
71513,4
66191,5
50559,3
68048,3
74681,8
30017,1
38673,6
96452,2
91120,4
83873,8
46670,6
78507,9
71559,8
28784,3
97934,3
35167,2
48838,4
88169,2
21903,2
30589,9
95787,3
75457,9
72111,2
45755,8
38033,6
84856,8
87745,8
74868,2
70347,7
82401,2
45308,5
47781,5
66078,9
50288,7
59515,8
33803,6
63131,4
31079,8
76564,3
72865,8
60762,3
68791,1
92148,2
98086,2
91618,2
63573,1
27453,8
22678,1
82714,3
21250,0
91280,3
44910,1
86242,7
93901,0
69719,5
40822,2
32675,0
48395,9
56776,6
95780,2
38644,7
66518,4
29860,7
42318,7
79663,1
85923,1
90284,6
45247,0
27963,7
89840,8
98354,7
63085,0
50826,9
24964,2
50101,0
40355,2
98872,5
74187,0
30122,8
75839,5
87166,8
26477,7
98785,7
77917,4
33449,1
91186,2
47921,9
39876,7
54822,6
87112,0
64092,1
44277,6
31165,3
50726,8
44309,6
81532,5
89761,5
77931,0
41887,9
94989,2
81896,9
68869,8
62133,0
98621,6
51942,9
57647,6
23983,4
51138,3
31347,0
48249,6
57141,0
97797,8
49691,5
52743,9
24898,5
60405,1
31012,2
71020,0
79523,7
70112,1
41221,2
89378,7
27071,5
36082,9
22137,8
72112,6
87231,0
44400,2
27875,2
30842,6
93011,6
99885,7
34072,2
76584,9
88003,8
62622,3
70416,9
20259,7
71811,5
30693,1
32086,4
85637,4
42222,9
43296,5
45796,5
20819,6
74801,3
85034,4
73290,7
73663,4
87389,6
44762,2
60114,0
87508,5
94632,0
25614,2
30006,0
41109,2
71693,3
26671,8
33169,7
91828,0
81991,5
34413,0
62440,9
42315,0
42384,5
39116,6
36905,7
83885,7
68097,5
46742,8
30567,4
56077,6
50892,0
56053,4
71154,0
82266,9
20818,8
41183,2
52072,1
34381,0
78494,6
54901,6
45232,4
57402,9
55586,4
81424,3
76223,1
78610,2
83211,5
60452,8
60955,3
84731,8
52995,2
24619,7
42687,1
95432,2
23331,0
78792,7
86145,8
24437,7
27600,4
47085,5
51984,1
55408,0
87267,3
72084,0
43730,5
46918,8
72314,4
65649,9
39345,9
64076,5
96929,5
81553,8
56630,3
48433,6
81774,3
90075,2
94710,7
96419,1
50803,5
85363,6
36771,5
34679,5
31758,9
66173,6
33279,0
98987,7
92064,0
60926,6
92511,7
76284,4
61529,8
85174,6
25805,3
81943,7
95964,3
41026,1
64690,4
98288,9
27389,7
93277,0
61948,8
52495,6
35830,4
93320,8
54611,8
52536,1
44650,7
71545,1
38159,9
48413,3
95014,8
53454,1
73657,2
73629,2
81994,9
67809,3
50501,4
24544,6
24740,6
34623,4
92470,2
39690,5
53169,7
95826,1
45778,2
72393,0
78934,0
69816,2
99252,9
28163,6
38569,5
79072,2
83518,4
42769,8
74483,4
48274,2
44101,5
66939,5
35632,4
59553,7
81645,1
51157,9
65962,8
25078,9
87709,7
76321,3
76212,4
46163,4
80762,2
30919,1
38993,8
58732,4
74700,4
20237,3
89145,2
70764,7
97937,3
66122,5
86788,9
88346,7
48140,7
62393,1
85905,7
71372,2
34370,2
30736,8
65468,4
48671,0
73566,2
63202,8
59961,8
31743,3
62568,7
42941,3
73518,2
46070,7
44728,8
45378,3
21270,2
47300,2
82095,6
61087,7
81178,9
26218,4
21037,5
33043,8
60921,5
99533,4
49600,1
40971,1
58569,2
28941,7
55648,6
52912,4
70758,5
61775,0
88854,4
82750,2
60648,3
74827,4
43562,3
60300,2
33046,0
46755,4
66552,5
93567,2
51467,9
66094,7
41867,6
46414,1
83696,1
40554,3
37773,7
73298,5
99759,9
97808,8
71454,5
31602,3
45251,0
31645,4
86027,7
25859,9
57103,4
36908,2
29679,6
56101,8
98341,0
44076,1
92633,8
31631,9
53203,1
35480,7
87416,3
27207,7
91927,9
85318,3
62873,1
63227,8
30498,6
67372,9
20907,4
48622,7
56444,9
78313,3
42241,7
54108,9
68650,5
98610,1
72448,3
53407,8
79056,5
90737,9
84008,2
85741,2
34542,0
32946,5
87903,6
79911,0
46143,5
86828,1
77961,0
27410,9
85089,7
74538,3
37514,9
34306,7
23127,3
61628,4
67144,4
62376,3
67679,7
92986,6
34350,1
22872,1
94831,8
57600,7
61248,7
54437,5
48290,8
55350,8
27746,4
54239,5
53452,8
33326,1
83270,2
31620,2
64354,6
29049,7
37422,3
90827,7
87314,6
96708,7
55990,5
73330,1
93260,3
68959,8
65904,3
21776,0
52734,3
35777,8
83746,4
86983,0
86702,1
38204,8
38998,0
89402,7
55569,2
49049,7
85292,0
67988,9
68369,1
30263,1
90092,3
36773,6
37205,7
70891,6
59546,2
71344,7
76874,8
74628,9
25230,0
29168,1
24799,3
96187,5
52977,9
59444,6
54400,3
58230,9
61567,7
99368,1
70927,6
57873,9
21458,0
73917,1
95587,7
52975,0
87668,0
84016,5
75641,1
40816,9
42323,8
39590,7
39485,3
65194,9
75052,1
93785,0
61571,3
56962,8
92774,9
29809,4
50141,9
93566,3
97204,9
53070,3
38238,8
42537,8
24930,0
87819,0
20290,8
73674,9
67948,7
63858,9
33358,0
48122,5
79974,9
30660,1
41016,2
67670,7
39694,7
64073,3
93793,1
60785,9
29272,8
28658,3
37292,4
28359,8
97664,9
54722,1
62778,8
54459,8
44915,0
66663,6
36991,7
75326,1
34022,6
83104,3
70191,3
46904,2
93812,1
24673,4
34375,5
79563,3
25280,7
46588,8
90129,8
47077,8
88670,6
94374,0
87643,2
65235,7
69524,8
81834,1
91768,9
55917,3
83584,5
85852,2
49712,4
26273,8
72550,3
82755,1
30203,1
87260,0
84129,1
42884,4
55590,3
95903,9
42871,9
99879,1
64013,1
58783,5
25783,9
24504,4
73408,5
25262,9
30091,5
48889,5
79712,8
38607,6
32844,3
94860,0
62986,1
59582,7
41473,9
50530,3
68116,5
70941,4
32893,6
90532,5
89672,2
93853,9
92731,8
23634,5
64808,7
48666,2
41400,9
76804,3
57456,8
96290,7
24274,6
77714,5
75699,1
42311,7
27731,6
29701,8
50626,8
99023,9
89035,9
55096,6
49272,2
55799,8
83057,9
34530,7
41858,3
34546,0
88110,4
65782,5
41971,0
99612,2
89715,2
57014,8
36330,9
75192,6
62197,2
76063,8
61610,2
88880,4
35023,6
88781,9
38790,6
45876,9
80498,7
62539,5
39300,9
82782,9
26151,2
94948,9
58546,4
46519,7
64975,8
90345,3
84122,0
26651,1
20403,6
97130,3
79016,0
23615,0
45163,0
55449,2
46502,9
77148,7
99003,3
59126,0
87299,1
65147,7
88056,1
23587,9
44924,8
43068,9
95582,4
89998,6
66039,3
94722,6
37828,3
95216,2
25297,5
25996,5
72129,2
56682,0
60541,6
92421,6
66179,9
27199,1
39595,0
43736,0
45672,1
87141,0
26955,3
57013,7
36976,3
62325,5
51626,0
64521,2
41021,2
78521,8
90902,8
61107,6
48310,2
38958,5
59544,2
78790,8
72153,8
28311,3
28023,6
88853,6
57320,8
85233,0
45033,0
61281,6
34342,1
62927,4
80300,1
93862,3
91116,6
62560,5
93757,2
31374,5
71984,0
89926,6
86270,0
23814,2
46445,9
47544,0
27778,5
34269,0
66722,0
23966,2
74589,1
43095,8
68965,5
97333,3
88256,2
33941,6
68401,3
70081,3
91839,6
72421,3
42208,3
90643,2
32769,6
21236,9
38192,0
47703,3
68551,4
48460,7
38151,4
52379,7
57899,1
56045,4
61904,7
88043,2
91766,3
30713,9
63256,1
21695,3
73191,8
41042,8
37946,2
22748,3
73116,6
77031,9
36102,0
53641,9
97293,6
26873,0
22317,2
62940,9
37374,6
25440,9
35572,4
53121,5
38256,2
92105,2
34288,4
34179,7
84382,2
26120,4
87386,8
73222,5
99674,1
61095,3
68806,8
92237,6
28915,1
71687,8
31720,4
90254,4
30126,8
57254,7
58854,7
30040,0
94373,8
70672,5
99648,9
85225,4
60913,1
59437,6
73538,8
89247,5
98485,2
96116,5
73266,5
36275,1
44200,8
98593,3
85254,5
72652,4
25374,2
99129,7
85789,4
69328,9
90327,0
94882,4
38370,5
38068,7
53710,5
73142,9
45253,8
84025,0
70232,2
71324,2
21664,4
34133,4
77341,7
36885,4
43496,3
99844,2
31069,6
95412,8
97009,8
97188,8
38654,9
38581,7
34313,8
88542,0
50048,7
55297,0
90467,5
24347,3
80256,3
71738,2
44531,5
61936,0
82563,3
22778,3
41860,9
51320,5
53746,1
88061,3
99630,6
25123,7
42345,7
52471,9
42861,8
88063,1
69372,1
88129,5
40587,7
26611,8
72494,7
73326,5
30633,9
90548,4
41100,1
54375,7
42508,3
90164,5
35598,7
87586,0
58725,4
53278,4
40265,2
86999,0
43682,7
66339,8
98982,1
54122,7
82483,0
87214,0
24410,1
61584,0
75351,9
66796,3
90687,9
83796,0
77367,2
49163,1
91707,8
61713,1
91296,6
71913,7
99037,2
47724,0
44118,6
63353,4
33622,5
49526,9
92988,8
80269,1
77922,2
54066,4
83344,6
45141,0
78596,6
48219,5
45786,1
76372,7
88032,8
25890,3
24388,0
82135,9
94719,6
88806,9
71230,5
68325,1
49373,5
85478,7
88808,0
96139,5
51629,6
42557,8
60805,4
74467,9
62674,6
76998,3
28812,9
86422,3
21179,3
45228,0
85647,8
88929,4
34872,0
71339,3
45787,9
86308,6
44654,7
84253,0
31925,5
88903,7
25884,8
52328,4
35957,3
80266,8
29481,9
54907,5
35233,7
81552,4
34132,1
35256,6
50925,0
27172,7
30593,3
70790,6
87511,0
54002,6
37252,2
40900,7
88054,8
36694,5
94362,6
29062,3
45593,4
74381,3
85818,9
57151,9
64196,0
59833,7
94263,7
38999,1
30586,3
81509,9
26358,5
98136,5
96905,7
52978,2
92608,6
53882,9
58236,0
52642,4
89038,0
59333,3
53450,8
76120,9
72701,0
82123,2
69549,1
96451,8
94786,4
22527,7
90964,0
91552,2
48779,4
35401,8
74397,2
34720,8
91445,7
42598,5
32088,7
61895,5
34153,2
85396,5
37652,4
67016,4
77216,1
64889,7
41967,4
31636,9
43071,1
39231,1
67156,3
41622,8
71161,1
85047,9
62978,7
81850,5
48189,7
77586,8
76526,8
56302,9
41777,6
84829,5
39039,2
97768,1
38707,4
82211,5
29255,8
67005,6
56920,4
40330,9
40471,0
30623,9
52105,4
86404,5
88306,6
71628,5
45336,4
48511,0
70290,5
46993,5
71540,9
72599,5
49036,6
47913,5
38802,0
41692,5
56994,1
92582,8
33265,9
34187,8
45929,3
43962,9
79622,4
97345,0
87936,9
34804,6
79573,4
78426,7
81965,3
23980,2
65180,1
80385,9
62070,9
62453,7
27206,2
77505,7
88281,0
82098,1
62862,3
94987,7
27289,7
46356,1
27472,6
51665,4
39484,4
39449,4
37683,5
75050,5
45503,4
52755,2
46452,7
74936,2
45814,8
78589,8
52166,4
51568,8
55214,3
69654,2
83508,0
57333,2
99339,9
68507,5
28909,7
69806,2
53241,5
25169,6
57836,8
62509,2
45494,3
49244,5
55386,8
91504,5
25525,5
46209,0
55941,6
99035,4
81163,6
20548,9
62531,2
52877,8
25036,2
43513,0
42332,6
46919,6
32915,1
34460,7
83038,6
90701,0
99862,6
28169,9
59479,9
57097,7
35600,9
34751,6
49856,1
41558,0
61700,9
91001,1
43531,8
99527,8
84609,8
99745,5
33407,0
83499,5
52575,3
52942,3
76951,2
44598,0
39599,3
42413,1
57128,7
67823,9
21975,1
66948,8
31948,5
63597,9
36248,5
85134,0
50305,1
91932,7
82848,3
98420,6
40750,5
89914,1
35551,6
37717,8
20619,9
31432,2
35912,6
46466,6
50828,9
73241,7
32394,0
62224,8
71839,0
32276,2
43194,0
21793,7
52019,3
25371,8
72479,3
44562,5
20534,2
56515,6
46549,9
69176,2
43590,4
68890,0
52650,0
65185,1
91129,0
52377,0
39518,5
37045,1
45351,2
64390,1
20429,7
26294,4
64408,3
31332,0
40262,1
77751,6
59476,9
99006,4
53656,2
45779,0
99886,5
57728,0
52065,2
59780,2
94063,6
66595,6
92518,0
61458,1
65361,5
69740,0
72967,4
74561,6
58952,4
33768,7
50329,0
83312,7
89604,2
71993,0
26571,7
33257,3
22670,1
51519,0
22758,6
37904,6
85976,2
44388,1
61009,4
20114,1
48069,0
80299,3
81274,4
68655,4
27924,8
68874,2
28769,0
46814,6
57609,3
36672,9
53962,8
32573,9
47646,4
83412,1
61177,5
70240,0
35004,3
29525,6
92856,1
82732,4
64881,6
92621,9
80913,0
55235,4
52731,5
95274,0
32008,9
39533,7
46090,4
40040,0
72990,4
77593,2
85808,9
24144,0
60563,4
26191,2
38019,2
53327,2
85793,8
27628,2
63812,5
81798,1
81323,3
27171,8
80232,3
76513,8
57994,5
74144,1
67451,0
43886,5
41505,4
39496,5
58739,6
26417,3
68185,3
88720,7
37734,9
85192,5
72450,7
74014,4
41890,5
61560,1
85627,1
35273,6
80519,1
46826,1
60927,8
29129,7
29316,1
90604,1
61375,1
28240,8
90083,8
58921,0
37961,5
51558,0
81972,4
91903,6
33617,2
47051,7
46336,5
34138,4
74864,2
47291,5
37694,2
87346,6
30367,9
37241,9
28813,7
77131,5
56730,6
95730,3
34066,3
42176,1
97892,3
21153,2
65643,5
34050,7
42428,1
54043,4
64658,1
30290,5
44582,4
66912,4
88590,6
66746,7
75689,4
86221,7
70206,1
24311,5
50228,2
32900,4
22415,8
87233,6
58021,9
55842,9
92499,0
78085,7
89592,9
75911,3
65789,2
89835,1
25127,7
64309,0
23203,9
40298,2
20090,5
46823,8
44548,5
89944,3
93135,8
57511,2
51593,1
97720,9
86106,7
23017,8
30553,6
32486,7
33570,5
36556,8
22019,2
47453,5
86897,6
78063,7
44091,0
71673,0
38336,7
20448,4
55729,4
48745,6
29435,8
30339,0
78857,1
61323,6
27667,5
91465,3
55278,3
41836,0
28717,4
40294,8
98048,3
41039,9
36315,8
79053,9
23574,4
29833,7
47689,9
95951,5
73015,0
41271,4
93786,9
24572,6
71840,2
79936,8
83542,2
41356,6
40562,4
50065,5
92452,8
75256,1
92175,9
88359,1
80551,1
88824,4
77265,4
50064,8
70832,3
87058,7
91516,6
84170,5
44739,4
59274,6
54959,7
43898,3
74208,3
28567,6
63024,6
71754,4
94988,4
76370,6
60473,6
29786,1
87053,0
75464,8
27878,1
92815,2
44863,3
49893,0
55531,1
31933,4
66880,2
91311,0
55953,2
44334,5
98689,6
56461,4
99447,4
38634,3
50950,2
24706,3
71803,1
34031,1
88716,7
67849,5
73485,9
63165,2
36324,4
67935,9
86707,3
45927,3
21850,3
60774,3
56455,7
43239,0
36030,1
37455,7
52718,7
89197,0
73045,5
79957,0
82535,7
55536,8
52703,6
48688,4
48139,9
80565,4
79237,6
40288,2
44254,9
20339,1
92326,4
31744,4
75663,6
48755,2
82770,4
88309,0
83032,2
29763,1
90896,9
23457,0
56220,3
89583,8
54596,6
38220,1
82152,3
92282,4
38051,8
29999,9
78527,2
26457,9
77964,6
30411,2
54624,7
82225,9
58935,7
83298,4
63746,5
91344,6
28042,2
88934,6
79256,6
33346,8
75072,8
49989,9
58345,0
65974,8
45935,0
44474,0
61008,7
25053,9
63771,5
76373,9
81337,0
88142,5
33411,3
52859,3
32139,9
41263,6
74751,2
93388,5
89447,3
39969,0
91301,5
52250,7
97467,0
35569,9
65292,9
97627,8
54152,3
34121,7
90707,0
46007,6
72750,3
95075,5
29353,3
28413,8
72520,4
48477,3
32010,9
45453,3
45273,0
88768,0
59395,4
56691,1
59764,1
45230,8
47230,9
89270,6
82252,0
45958,7
65149,4
97865,1
73751,6
48363,6
55084,6
46166,2
52900,4
72738,1
31059,1
54897,4
50915,0
72552,9
87424,4
20838,2
52423,9
55904,3
74136,3
54018,2
93080,3
77759,1
36995,1
47376,7
31795,0
60565,6
30961,4
83431,9
57655,7
78470,1
78849,0
93184,4
46165,9
55203,7
66366,1
46390,0
96766,5
63452,2
20865,1
54930,3
31594,5
78318,3
85399,9
87938,2
81954,8
20594,7
75514,4
30746,2
25291,9
68461,4
43007,9
25993,0
30230,4
99810,0
22545,1
65253,2
26918,3
30559,7
61690,2
73601,9
79203,3
77706,3
29139,0
93935,5
53782,1
51070,1
69639,0
58642,3
26614,8
98716,3
65298,6
40595,5
67602,9
82303,1
42888,0
75981,0
23011,3
30161,0
79215,7
39020,0
36156,9
94310,9
88964,0
81802,7
43819,4
60783,2
98276,1
26383,9
47746,7
32329,2
60823,8
64621,2
86868,1
56355,0
73865,2
40273,9
78428,3
52223,0
23209,3
45614,0
66699,5
61679,8
49511,2
63479,9
59726,9
93146,5
97280,6
57469,2
36220,0
78878,1
20824,3
79283,6
38213,4
26302,7
74969,4
89849,4
31721,8
26260,6
72388,4
57430,9
34250,9
69163,0
25798,5
58200,5
90791,2
68553,5
49073,3
88095,3
56865,9
86688,6
78465,0
94659,2
57374,3
87983,9
65822,6
63787,5
84206,3
35209,7
49127,8
42632,4
54698,3
75902,5
61989,1
93856,2
55965,7
65346,6
72911,9
90221,6
71094,7
90172,3
87434,5
72866,9
42495,6
77079,3
74192,7
49148,9
75632,3
56230,4
32191,0
22477,2
69807,4
53545,7
67953,9
74279,5
75059,8
65909,0
22257,3
21889,5
26097,3
37038,1
86903,8
34880,0
54727,2
38847,9
25505,5
97567,2
79568,7
44227,3
65036,6
68386,5
82900,9
76897,6
59220,7
70420,6
78769,2
37769,3
64413,4
89323,4
63069,2
56340,9
39609,8
46442,0
98638,1
61318,2
80411,4
28329,1
44265,9
26224,8
36950,8
60008,0
43554,3
99212,8
71273,6
38184,7
42133,5
41803,9
25649,5
79694,1
54438,0
45754,3
57067,4
47269,3
97179,1
45440,0
59349,7
29995,4
54452,5
24512,4
35788,5
50510,8
75725,8
99807,5
92270,3
70773,4
21690,9
48138,5
41369,8
60349,7
72996,6
59056,4
70990,2
84937,8
46396,9
60768,0
56671,3
50796,0
61926,6
86301,5
90806,3
68023,5
54363,6
58811,3
78824,1
54902,5
45161,5
30904,3
35728,4
86587,6
76616,9
62113,2
80179,6
35223,9
58632,0
57176,8
49236,3
21858,0
41236,6
37093,0
20391,8
67477,6
43645,7
82775,0
82779,1
80884,3
35844,6
69974,2
49078,8
94134,3
97645,8
36375,2
69714,9
52822,2
25973,8
82495,7
65939,1
60288,9
68324,7
85893,6
21346,5
87322,8
60025,5
40930,4
83148,6
23026,3
28591,8
59438,9
68330,0
48247,3
24743,8
50531,2
52508,1
36358,0
65289,0
49286,2
75512,7
32622,3
90550,2
45097,6
48540,2
70076,7
52915,6
39917,1
97580,3
55104,4
72461,9
48937,0
73765,2
32122,4
29708,0
22141,1
28778,0
52930,5
73898,1
79262,2
80970,2
61565,8
79211,9
24564,7
49371,3
81038,9
85713,3
26116,8
98188,1
68940,3
60918,4
26739,9
90929,3
36985,3
94607,2
36841,5
55209,1
74598,1
23495,7
89988,8
24877,0
20879,6
48894,2
90993,9
34652,8
25261,2
51369,9
86837,0
80000,1
97735,8
37538,4
94979,6
96660,4
61015,1
95139,3
81562,7
70432,0
91379,8
52851,7
28358,3
92475,0
82691,0
63745,8
88579,0
98640,0
36993,8
81115,7
51487,9
62701,2
80257,6
41363,0
90444,6
38392,3
78574,3
79760,4
91703,3
76177,3
80192,7
44807,7
59580,1
98273,9
53517,7
66205,4
74749,3
56891,8
67295,7
72826,5
79406,5
78488,5
92167,2
38517,8
51161,9
34826,8
52989,3
62170,2
66636,2
93990,8
83630,0
62352,2
53060,6
28750,4
29514,5
20449,8
77764,6
44092,5
32627,6
26438,7
42916,2
62407,9
69443,3
34286,0
38890,8
38885,2
29538,7
38274,7
24336,8
24133,9
54259,6
33107,1
62398,7
27017,6
45265,3
67737,5
49477,1
39357,0
93068,3
78211,0
61818,7
72242,9
95004,9
96958,9
78776,0
71535,3
33748,6
31285,6
99778,4
78286,9
97385,0
53763,1
40245,6
37311,6
39765,3
98505,1
62698,2
31752,8
69850,1
79583,2
22536,6
33097,8
77247,8
91687,4
29677,3
53961,2
84642,2
54859,9
85266,9
44720,5
87931,4
25306,1
37257,4
53511,9
30731,3
43178,5
94591,3
62479,5
24810,6
81635,9
43221,0
46243,7
90471,4
82364,5
48331,3
32468,4
57042,9
63004,4
97555,2
24018,8
57934,0
43435,2
22209,1
91052,8
29918,1
68988,6
23002,4
99692,8
58134,3
55797,1
87897,3
80639,4
51135,5
28139,9
38482,9
32576,2
94423,6
73321,3
24367,3
77726,2
67063,1
54417,4
88369,2
25435,9
64098,5
66335,6
26176,5
60855,7
75523,2
89893,4
92929,8
94919,0
38275,0
42853,7
72900,7
26065,8
42447,1
92659,4
44179,1
93016,3
20166,6
30988,4
68419,8
78330,4
83596,4
58067,0
25166,8
37731,6
25734,5
41633,7
65037,2
34496,8
27328,5
83766,7
61275,9
33726,6
32953,1
55920,3
73936,6
76009,4
40945,7
47344,1
84833,0
37648,9
62886,6
93647,9
92310,3
33384,5
39075,1
23190,9
21470,5
75918,7
69105,8
97986,6
91466,2
29796,5
79351,2
88675,4
27955,3
91684,3
84201,3
52152,9
33650,7
82202,6
65758,8
36878,6
91146,5
52953,3
24549,8
38155,3
90283,3
97205,2
63310,8
22983,8
81935,4
41827,8
80052,8
61596,0
59165,7
54249,6
71574,2
72498,7
49437,5
95255,3
61004,6
69382,5
90752,1
61380,5
81758,4
94563,7
27895,3
67514,8
75497,6
79150,4
48773,0
20410,3
36243,4
31565,5
37937,1
92286,1
54810,9
32371,0
30542,4
82256,9
58536,6
95370,3
57976,8
25738,5
36534,8
90785,3
46144,0
77402,3
58470,4
40697,2
36513,4
39336,2
27551,2
42881,1
44919,5
47380,5
21339,3
56806,9
66442,6
67307,6
75300,0
63626,1
22134,2
23487,0
39515,8
23550,2
92660,3
90451,9
95368,6
66654,9
75848,7
27103,1
99464,7
23809,9
55218,8
50688,8
67911,9
84391,5
72101,2
24294,1
21366,0
73584,1
67817,6
61391,9
24998,4
41931,0
82044,2
48791,1
28905,5
70689,6
33784,0
94676,8
41621,5
25242,8
59381,6
32873,9
54860,5
94960,4
47031,1
75919,4
91176,1
51443,1
38152,6
26854,4
39262,0
55958,1
30323,1
50976,0
59029,7
50644,0
91743,0
37591,9
51895,9
53135,3
24008,8
49074,1
85755,2
80831,8
30047,1
59244,8
41649,5
68633,9
94158,8
20126,4
67170,1
78112,0
86649,4
72694,5
87325,8
37072,8
81641,8
38799,5
80987,0
52080,9
26080,1
40757,7
67510,1
40628,6
91184,2
96845,4
54455,5
87979,1
92762,1
51152,8
68642,3
24984,1
55185,6
92440,7
40549,1
97987,1
70484,5
78516,5
26246,6
89930,6
45661,4
28402,6
90793,9
50316,0
86009,8
92127,6
43831,5
69393,2
83479,9
20896,1
71824,8
67239,8
83064,3
86080,5
87136,5
90868,0
40489,8
97068,8
47202,5
34571,3
36422,0
21578,7
67526,5
50755,8
37276,6
34847,5
70315,3
98387,6
59687,4
97128,2
96319,8
22632,3
37537,0
62950,2
54702,6
55495,4
75922,4
60760,5
65255,9
80612,9
92320,4
24711,9
56576,8
54291,4
71056,3
67531,9
46393,4
76192,8
80016,7
41881,1
99455,0
81555,9
24163,9
34607,0
86562,7
93826,7
94120,3
67217,3
28309,6
43355,1
55041,2
34559,2
71748,3
25452,2
85199,0
95735,0
82697,4
90667,9
20064,5
82766,9
27238,9
91220,6
77500,2
35055,3
32434,8
74153,0
32563,6
44859,5
73766,9
66165,3
90666,6
92229,0
54738,8
92641,8
77329,5
39983,1
34130,4
92596,0
75002,5
85518,1
32645,7
27169,3
49904,2
69191,9
26621,1
58554,4
34210,8
20936,9
82289,9
23423,0
78036,4
73631,5
49187,5
86810,4
35232,1
85804,3
67523,5
88305,3
84695,2
66782,7
70279,5
88931,7
63748,2
34325,5
39378,2
23298,2
40323,9
34702,8
93512,8
45939,9
86657,9
84447,2
74793,0
97095,2
69051,1
53253,3
77933,4
80637,8
30972,8
47906,3
75046,3
52185,9
51181,8
33983,7
42251,6
68060,3
71878,4
24441,7
83528,5
83505,8
31053,0
82026,3
26801,1
63444,2
62586,6
58825,2
41665,4
90145,9
25397,7
92538,5
96872,0
87628,2
67957,3
44546,6
88291,7
76667,7
40727,7
39488,0
50175,4
23900,4
27744,7
89286,9
65375,8
33575,9
38868,8
23299,2
85866,9
34465,5
83597,8
61158,9
66068,8
46824,2
63079,2
80900,6
35193,0
70641,3
30049,2
22238,9
54207,2
73834,3
30297,7
56602,4
65830,2
91856,2
25330,2
56741,6
38430,9
63007,1
53205,8
90288,2
56516,8
34264,1
96348,0
38189,5
75843,1
58327,0
45951,4
41269,1
49587,0
84402,3
44684,4
93882,0
62452,6
40856,6
49970,5
99843,3
41740,7
81549,4
98955,1
39402,3
45322,4
86961,5
59830,2
81044,7
83779,4
46556,0
58486,3
27131,9
67073,3
76481,9
50582,1
20320,0
69666,7
27034,1
53411,8
53182,5
91433,1
64384,5
92387,2
66221,3
54568,4
39704,1
97853,4
80677,2
78606,4
46977,5
62490,9
82146,9
65636,5
29734,3
88451,0
61909,3
40386,5
23148,4
33253,0
27074,8
91678,3
29079,9
86204,7
57602,9
67304,5
74873,2
92130,8
20451,8
49539,2
22690,8
49292,5
32676,5
26202,4
68844,1
34360,4
55758,7
28677,5
38431,1
30646,5
63737,5
43040,9
46735,3
21248,2
50938,5
52355,5
82606,5
61046,6
85549,9
53836,0
81998,1
54834,4
84116,4
97564,9
97652,8
68153,3
87507,3
65678,9
53714,8
88162,4
97927,8
40618,7
67798,1
50684,4
54378,3
33732,4
94970,2
36784,2
42117,8
55733,9
60879,3
39263,1
23288,5
28935,0
47777,3
36625,6
57739,5
88070,1
37277,5
40421,6
93313,8
30562,3
56702,9
80457,7
79630,9
99553,4
35757,2
80686,0
27998,7
87406,7
40423,4
35784,3
34742,4
47335,6
43359,0
69043,9
52205,9
27425,2
73011,3
35460,0
77520,7
27648,1
78820,9
92724,8
36948,4
92088,2
65378,0
89046,9
72975,7
46667,9
81606,1
60542,3
21660,8
27268,2
60060,6
49704,2
82008,9
46182,1
52668,0
41584,7
27618,9
46969,1
28972,7
73555,4
46236,7
56783,1
31681,4
58109,8
33503,8
25292,3
79809,9
25180,2
46212,6
41888,7
39843,7
99497,4
42716,4
27881,5
92357,9
44415,0
32223,3
79842,5
90644,5
55300,1
68278,0
72719,0
52941,7
89266,2
76512,7
71712,7
57463,1
57134,8
59987,8
67389,6
74064,8
59867,1
63794,0
66684,7
38125,1
81599,4
25058,3
41573,6
60716,0
98182,0
43688,3
88390,8
25415,2
27082,0
70103,5
64837,4
54274,2
95146,0
38753,8
90335,9
68914,4
72310,2
56507,7
46460,1
92739,5
38264,8
81603,8
69743,0
47465,9
30115,1
79126,4
34473,3
66058,3
90757,3
21605,3
72667,0
42994,1
32986,5
79272,1
60477,9
52614,2
84165,6
51587,2
40084,8
68301,4
26360,6
78630,5
96206,0
96145,2
39552,4
92934,2
20526,0
83516,7
70451,3
50049,4
53520,0
43361,8
61872,8
91606,7
94939,5
65022,0
44718,9
46880,4
23799,1
43258,7
47842,5
61666,0
49416,4
97419,2
97308,6
44846,8
57823,1
66157,4
42600,9
75393,6
20358,5
99079,2
99919,9
36579,3
25580,0
27466,6
77093,9
71463,0
93397,5
77582,9
44075,6
60698,5
45863,2
36945,1
36880,6
92058,4
36293,0
27477,0
81053,4
49089,3
82827,5
71251,6
55190,0
91366,8
69589,7
29032,7
57433,5
65965,2
71117,0
22658,5
32822,2
53687,0
64002,8
43112,1
68542,7
77067,0
31329,3
23032,7
26857,9
93622,9
89069,8
38629,4
40686,0
71196,9
52984,5
63274,9
49331,6
57741,5
64848,0
21367,4
42623,6
78772,6
72234,1
45781,9
41329,0
55626,2
78543,3
34484,0
23490,0
42432,1
24872,0
61239,2
35450,8
73929,8
67265,9
52898,1
25855,0
76123,7
26962,0
85414,3
54447,7
85590,6
56248,6
82917,8
41706,4
63351,5
65436,3
50713,1
21991,4
30046,9
40377,8
23371,9
34268,5
65512,9
93345,6
48243,5
99182,7
69868,1
81139,7
52428,9
37557,5
46195,5
82806,6
68721,6
21846,7
90552,8
80774,0
65855,6
30496,3
25390,5
75362,6
67148,1
85125,6
46816,5
70531,8
79293,9
87326,6
23160,6
64874,6
69996,2
65041,8
82654,3
38895,9
99634,4
61782,1
37101,7
59399,2
34422,9
71529,6
27515,0
20535,7
40381,9
95472,8
72347,5
88197,3
35868,6
95576,8
61829,2
24463,7
48208,6
43215,7
73004,3
55357,3
96384,8
62893,5
28244,5
42910,1
81356,2
91700,6
37299,7
61999,6
54433,5
93280,9
40704,6
30292,1
97070,1
81789,5
78297,5
79717,4
64219,5
99063,3
78873,0
33933,6
24520,0
68103,4
82604,3
24656,8
89083,4
56271,3
33662,1
89603,6
66754,3
27159,8
34238,6
49205,2
24937,4
64958,4
23431,2
85075,2
62108,3
39757,1
45968,9
87001,0
23626,3
71239,2
36288,4
99694,0
53279,2
79812,9
96631,1
67829,0
55793,8
52684,4
63434,0
80183,7
78567,9
82073,5
76219,6
28869,4
29620,4
20742,4
74652,7
55730,2
72729,1
44201,6
72690,3
47235,2
80936,7
42591,2
78926,1
68018,9
86669,6
59981,3
21349,2
31901,7
37671,6
64681,1
49425,4
77369,5
49916,2
54517,1
79991,1
38377,1
32557,8
67245,8
65290,8
86117,1
21646,9
42824,0
52249,4
47799,3
48643,6
47486,3
85608,0
50320,0
83340,4
82090,9
29815,1
51319,6
21791,7
60149,3
81144,5
50225,4
96234,0
62777,1
39210,5
97446,4
38113,9
87627,0
49008,1
43804,0
68462,7
35251,4
30062,5
69148,3
27221,4
59847,0
60524,7
93324,8
66430,8
29147,0
29470,1
38109,5
71364,7
94104,6
22810,0
38423,7
58043,7
65136,3
56300,9
84757,7
66999,7
27578,7
94932,0
84454,6
85917,0
88689,2
80023,1
34537,3
95963,6
51612,9
54381,9
27145,6
21826,2
47137,9
59647,4
20233,5
34285,4
91230,9
33227,5
83930,9
20616,9
96846,2
28810,6
48289,4
56227,3
97778,3
23109,7
22139,9
83501,3
26732,9
37798,2
33057,8
67811,1
85487,5
31118,8
61176,3
92825,2
93713,9
75509,5
42294,0
60875,2
64601,2
31836,1
92468,5
56640,3
71749,6
84945,9
96528,5
64110,2
65985,4
83093,0
77948,4
74738,6
43354,6
72724,6
99607,2
51274,7
21095,5
37084,0
73593,2
37355,9
85587,5
94489,3
48518,1
91933,4
91335,1
34296,0
55353,1
59524,3
57156,1
34079,0
50003,7
30418,7
63099,1
43076,1
46840,8
75252,7
44618,4
23068,5
72692,8
67404,2
26994,4
20378,7
35108,1
39019,9
81628,7
42588,5
85885,0
39009,5
25994,9
29661,8
59200,5
82693,2
31765,4
63467,4
79610,2
69113,5
75670,1
81760,8
21135,2
56323,1
70269,3
48820,1
79364,9
38470,0
37458,3
83543,7
41033,1
84086,6
33366,1
57502,7
28131,2
71725,1
74027,5
40972,2
59007,6
60905,1
75144,8
84422,3
96886,9
34953,7
46285,3
92946,1
49857,8
77852,1
98842,4
88875,1
77986,5
42024,5
65285,6
60104,1
63183,8
53111,6
45055,7
39520,3
93670,2
83939,5
54270,4
83062,6
78179,5
99053,9
25120,4
91429,7
83066,2
56208,6
72794,1
21057,0
47958,3
26197,7
44868,3
72687,9
76024,1
59251,0
66431,9
60127,0
36185,2
69612,8
28242,5
92560,3
42284,4
99397,4
26853,8
93171,0
73133,6
54412,6
90979,6
81006,3
55293,9
67218,2
30569,7
31087,9
66369,6
71308,3
92484,8
99473,6
32270,8
91103,8
34644,6
83713,8
77666,0
20757,4
31585,8
71150,6
30781,8
97238,6
41203,7
27953,0
70093,1
26943,3
82263,9
56395,0
98572,1
88203,1
68180,5
93420,5
29662,9
85857,8
61306,3
75073,8
46365,1
39151,9
23166,1
23595,9
28502,1
51036,2
51939,1
68579,4
62456,2
67230,5
39880,7
92011,7
47721,0
23368,3
51565,5
64242,6
28386,8
24269,3
88340,8
31919,7
23045,1
90684,7
22481,2
56978,2
74307,6
98575,5
23359,3
43212,3
71921,5
69038,5
48381,6
79029,8
34085,7
40240,5
20611,7
54804,9
94303,9
93026,5
96746,1
45543,4
57529,8
95243,0
20684,6
57662,3
58315,0
20886,9
62096,6
68338,8
94779,6
35083,5
58600,0
96036,8
68674,3
89021,2
44655,4
74737,5
49441,8
21461,0
33961,3
57948,6
61092,8
56605,4
21718,1
79883,4
59895,1
64066,4
28884,8
98377,1
96489,0
72446,3
35483,4
76170,4
36234,4
67856,8
33763,7
95044,4
64898,7
38280,0
25099,9
64699,6
86775,5
54425,3
40890,0
44170,8
97549,8
78226,2
34718,1
80145,6
20016,5
45759,6
92394,1
44435,7
63029,8
20052,2
69885,2
42811,9
53867,5
27060,2
37236,7
48322,5
25168,8
21825,2
49376,3
65245,5
60293,2
32007,8
64132,4
33701,9
94548,0
50485,6
69405,9
81304,1
30773,0
89584,6
59550,3
84257,4
71865,8
80926,3
84171,7
54584,5
74625,6
30052,4
51276,3
46524,2
74929,8
83661,0
32464,3
96045,3
43004,7
97972,0
73661,4
58079,0
30086,3
83976,8
73032,4
42646,3
54031,9
31334,4
91015,8
54979,7
21331,6
26992,1
99430,1
39142,5
60584,5
94347,2
63074,7
90549,3
38197,1
36431,6
72467,1
56840,0
65421,8
47878,8
84252,5
49220,6
91438,2
41027,3
97060,5
44833,0
77660,5
56830,1
77888,8
66875,9
38559,1
86085,2
99703,3
55362,9
36970,8
61510,7
39617,5
79631,3
76841,4
77887,8
65975,7
45545,8
23556,7
39570,0
76636,4
23008,7
63670,3
79431,3
47738,8
21599,8
70149,8
81743,8
50134,6
58877,0
75681,6
52291,6
60890,6
96863,1
87139,0
48822,0
45062,5
68925,5
28894,5
60308,1
37452,5
74129,4
87891,1
59335,7
65262,9
42511,0
69535,0
77855,0
79722,2
49762,9
83122,2
46235,1
65054,2
77482,5
45197,0
88607,1
21486,7
54367,3
49213,8
44279,7
42759,8
26877,1
24527,6
59538,1
64535,9
89675,6
85921,7
44836,8
89361,6
71766,6
67035,2
29098,4
76363,0
62574,6
84512,8
55308,0
38443,1
37389,5
49295,8
69717,8
49528,1
56852,9
84012,7
38743,1
38754,4
66827,8
23087,7
39387,9
92467,4
42637,9
36611,4
91883,4
45953,6
44206,9
22619,5
95213,6
23560,2
90366,9
61342,9
71999,8
57164,6
88074,4
31669,5
27378,3
23826,3
89055,4
44361,5
71637,7
60465,9
51820,0
69250,0
29530,6
28322,7
69319,9
95242,7
67921,7
92212,8
35135,0
33444,9
66446,7
57138,6
84516,3
32864,2
78388,0
79031,1
99454,3
55846,2
40785,5
82832,5
37795,7
75955,3
85158,2
29510,4
38553,9
73912,8
61066,2
45622,3
62240,7
96864,7
84576,6
26110,1
69306,0
27647,2
83404,8
72714,3
72352,5
89448,6
35813,5
41915,4
25348,5
78864,6
34874,7
83776,1
84102,5
59329,2
31927,8
84794,9
33096,9
82560,0
75138,1
43503,8
94044,3
89401,9
46400,8
61209,0
83773,3
30018,3
70184,7
49479,9
25447,8
37486,3
31960,3
39255,8
37611,2
34687,5
36083,1
39754,9
56146,7
44976,5
87841,1
88761,4
23816,6
22099,3
63569,8
99833,6
96392,7
69511,9
82769,6
66742,9
40547,6
63972,1
95552,4
63253,2
88006,1
31714,5
65897,9
29247,3
99869,6
74424,4
28254,3
41885,2
87265,2
69553,6
20151,5
95398,9
42625,5
88938,7
95046,4
90733,2
31191,1
65106,0
26872,5
43739,4
41175,1
33071,6
36548,7
72700,6
97319,5
42568,8
73786,2
42062,3
74359,5
37398,9
54571,4
27837,7
49323,5
64743,3
27150,8
85576,9
41629,4
89640,7
65889,2
26927,8
93978,3
30008,2
81879,8
68201,7
72950,3
57815,3
99057,4
28295,2
58628,5
77233,8
29050,0
66357,6
21549,6
62573,8
53777,1
86797,9
67380,6
85063,2
97157,7
43917,7
45497,9
46332,0
36578,5
44138,1
62132,5
38661,0
70508,6
73923,9
71345,0
51814,8
59516,4
91227,5
42004,3
35909,0
88595,4
25763,1
76043,9
77560,6
83154,3
33506,4
41072,5
47960,2
45231,2
52340,2
24982,3
34213,8
74346,9
81646,2
44605,0
39918,3
24847,9
48001,2
21806,2
44381,6
93658,9
89188,8
39246,6
46351,4
71202,0
48872,8
87147,3
92967,7
83799,7
91039,9
78456,6
43969,9
30557,1
68715,0
86496,4
92375,4
93709,2
29656,0
85580,3
87875,2
85353,0
93425,8
81956,3
52388,0
94130,1
84528,8
82803,5
37973,1
77951,4
70533,5
63233,7
95550,6
72406,7
32832,4
46822,8
79739,0
75622,3
56199,4
94888,7
27440,1
58010,4
94231,2
65918,0
84670,8
50489,3
78344,0
52239,1
42940,8
32615,0
39041,8
70339,6
56303,0
70087,2
81151,6
50415,2
31817,0
51444,0
85919,1
84109,7
85727,0
81631,6
88090,3
24074,8
35699,4
21703,2
76957,8
78603,0
77808,7
25594,6
50599,7
43430,3
99389,0
97573,5
24419,9
49865,6
71713,4
51972,3
92939,1
71909,5
80700,2
75628,3
27688,1
67038,6
90373,4
70983,1
79562,6
61855,0
94278,0
53486,4
76270,5
43597,1
46233,1
89318,0
36171,8
72286,9
32367,4
53614,4
59927,0
46901,8
28039,6
64115,0
95930,5
24538,3
24822,9
98674,8
48171,0
45149,5
42561,5
91680,9
33522,6
28893,1
92384,1
74146,8
48145,1
54482,6
24323,4
85217,8
45949,8
66280,5
71295,0
31772,7
78497,0
86375,1
34026,1
61018,8
21500,2
30300,9
23260,4
33543,8
69857,8
86585,9
97367,6
23920,4
53792,3
38104,0
39455,1
42304,5
70720,3
25578,6
77460,1
20332,3
53603,9
56364,6
80803,1
57261,4
28633,3
43499,4
57896,2
67326,7
61166,7
28979,4
36334,6
45906,0
64225,7
87411,3
30147,1
34877,5
20974,1
94759,8
56061,7
53296,7
21192,5
89379,8
98042,3
96430,5
45111,1
54931,8
80511,4
20775,3
27429,6
60414,7
22995,9
83134,6
60359,1
23913,4
48036,0
60484,4
69989,3
51120,4
84108,6
42770,0
22920,2
98313,7
61218,9
22329,2
93519,7
57212,0
94081,2
26855,4
73288,6
94260,8
46394,2
43937,1
69127,4
94716,4
59738,8
49955,7
30782,3
27640,9
99587,7
30780,5
45869,7
68606,3
84190,5
36142,6
53266,9
84093,3
47210,7
66062,5
74414,7
80862,3
56931,9
34444,8
27177,6
86869,1
36381,5
58497,2
80092,4
67651,4
87056,6
52448,5
68475,3
97644,8
51842,2
50053,0
60989,6
97753,1
43186,9
76406,2
56466,4
56782,9
95321,7
51762,0
32268,3
36871,1
38852,3
32929,7
47862,3
22053,9
50990,3
31535,7
33609,8
48639,0
63055,9
76365,8
93675,5
24356,3
36745,8
77126,3
43416,5
76902,7
91808,4
25538,6
40211,0
36416,5
43033,3
60205,1
47663,4
71716,5
36518,5
23328,0
35981,8
78518,6
28544,0
31523,8
37690,3
86753,5
96436,2
47267,1
49952,7
91152,0
36460,7
40188,5
35798,1
95357,9
70931,7
36779,5
90188,9
78830,8
27214,2
54103,1
93359,5
36850,5
76393,5
47199,9
56957,9
41532,7
58113,2
28942,7
81812,9
66918,5
80222,1
83892,1
59073,4
88538,2
45447,0
35267,3
89191,7
65633,7
74216,5
45195,6
64223,9
35687,0
33826,4
76806,1
95942,0
60094,9
41793,7
51979,8
77410,0
97364,9
52333,7
82436,9
81612,2
82624,9
42265,5
28978,1
93985,4
32795,3
26692,0
69063,6
59783,3
70377,7
40614,8
86987,7
75660,7
62252,6
30068,1
93412,7
73435,9
75615,8
96007,5
54496,8
44323,3
56052,2
22476,5
82107,8
93297,5
28137,9
48217,9
70743,0
25092,1
85955,1
69323,4
63352,0
61379,9
62801,0
53685,8
61671,5
67339,3
66215,1
81403,5
84800,1
45065,4
69519,6
47985,6
48306,1
81869,5
31201,6
88921,1
47111,0
88135,6
65249,8
87755,0
53159,4
40782,7
69249,0
64466,6
26876,2
42764,8
35472,5
62737,9
82468,6
43915,2
33501,0
25928,3
33937,0
43747,7
23079,3
88041,8
70851,2
61156,3
24155,3
65543,6
25914,8
96100,4
52919,1
49183,5
85401,5
79879,3
49031,0
94211,0
69605,1
46379,7
28897,9
79157,1
33414,6
63153,9
45314,4
59905,0
66921,3
62834,9
63417,4
97054,0
53611,6
78012,8
76840,2
92631,0
92970,7
42430,0
74476,2
55117,1
68414,4
69630,3
87899,3
70165,1
85564,6
24048,6
32656,3
84811,8
55757,2
57473,6
78705,4
48121,9
54284,5
53569,1
26085,5
56824,5
94008,9
50625,7
44850,7
50118,7
50355,9
75700,2
97504,3
49265,9
69693,7
57048,3
97212,4
76420,9
77220,3
62687,8
28007,6
82588,6
94470,4
77843,9
65394,9
83642,5
20743,3
64081,4
77530,5
21747,7
35355,1
60263,8
88308,8
65226,6
62299,2
36647,1
49673,6
28619,4
25055,2
55251,1
92507,1
81913,3
50014,7
33804,2
75102,7
97739,1
99777,6
42221,2
28423,7
84602,9
85366,0
61649,9
43936,9
35118,4
31238,1
62146,3
49672,2
43041,3
27976,4
88866,7
70250,8
50870,2
84075,7
78951,6
39760,0
36183,0
58641,4
57722,6
57210,3
78818,6
25270,4
26667,4
46422,7
94413,8
26365,9
77517,4
24474,8
22886,7
59699,6
76314,3
85700,8
40096,6
65129,5
69611,3
59053,1
87833,5
27750,6
56913,1
26380,3
70994,3
25020,7
50422,5
66535,9
68117,0
82566,0
76337,1
66399,3
81141,3
81887,8
95715,4
99893,5
36515,9
82423,6
79025,9
46027,4
53613,4
91791,1
22479,7
88617,8
58764,7
73970,4
37477,4
72475,0
93438,0
75798,2
50423,6
51904,9
63267,9
87859,2
70693,9
43767,7
62952,0
32507,4
99851,4
44709,2
64892,2
20163,2
78687,7
58342,2
51366,6
62823,3
74071,0
33712,4
42234,6
52350,0
65748,3
90760,6
50633,1
68108,3
22857,1
90797,5
46011,1
23416,9
76392,6
66283,4
98120,4
47602,4
38295,2
87275,8
40487,3
85140,4
73642,4
83328,8
63058,3
43964,3
82660,7
60583,7
90222,2
88380,5
27241,2
29150,5
76402,1
68716,6
58689,7
22236,1
88037,3
43158,4
56027,2
77840,8
51635,9
38684,5
79433,0
39149,8
36856,0
29511,4
36947,2
25710,8
63588,2
60736,1
85881,2
73509,5
45747,0
40129,0
88014,5
65688,3
82176,0
44657,9
50554,0
43787,5
57294,1
94582,7
48417,3
50075,5
93646,9
63166,8
34505,4
51845,3
20833,0
25910,9
86993,8
79810,8
62670,3
79669,3
62679,7
96891,0
35764,8
34024,3
57534,7
36204,3
22688,7
96986,9
68538,5
82635,0
64758,0
70896,1
76439,6
58574,9
94349,7
66513,9
82673,1
97143,2
74012,6
52329,5
44959,4
58784,5
75020,8
62466,8
34749,9
44461,2
36895,1
96288,3
36174,6
54583,0
84810,4
65320,8
61947,3
87385,8
79538,2
50725,7
54235,2
55225,2
33824,9
58270,7
92303,5
90605,2
82611,4
28361,1
71895,3
75974,2
59208,2
56767,6
40550,9
24634,3
68699,0
35034,7
69434,4
21915,8
97412,7
75585,6
29819,7
25647,5
31249,4
91505,4
56685,0
27299,6
99808,8
84023,0
99232,3
36682,8
38689,5
87642,5
39561,0
78956,0
75443,1
72948,5
70815,0
41508,1
67198,7
49110,8
97336,9
57297,2
52782,9
82494,0
82432,1
96298,5
96443,6
30467,6
68826,4
84648,4
93860,4
86899,7
89333,1
84575,7
37180,0
22971,8
47490,1
31315,1
34443,9
90561,7
88898,2
65085,9
43492,4
52601,0
87596,0
87615,9
24070,4
93349,1
63852,7
56951,1
25557,1
66246,5
25609,0
45375,1
37988,4
76315,4
45950,1
28552,1
64328,1
50001,5
51147,5
20372,9
20528,5
82193,5
26295,8
78597,7
87740,5
54746,1
54688,7
46837,4
92678,1
38376,9
26960,8
35916,3
41142,9
37466,9
50275,9
76470,4
23700,3
38623,0
64710,2
53154,7
97224,9
46142,0
26691,0
60259,1
47078,9
63846,4
59507,6
85795,1
56552,7
23729,1
27227,3
66331,7
54994,2
75021,7
45408,3
99789,9
34815,9
39703,3
26149,0
59729,6
81237,4
21765,5
64514,4
58369,2
57018,9
78196,8
82642,0
97997,3
60979,7
38017,7
52157,4
87097,1
71550,0
48404,4
41543,0
65161,9
73412,0
85145,7
77030,2
47471,8
88208,0
30504,1
35991,5
36636,8
62899,1
91188,1
56789,5
59133,2
80524,5
59774,3
29665,9
40893,9
30672,9
30324,6
80126,4
77331,4
61950,4
76787,8
81581,6
57872,0
33333,7
99806,4
30969,4
28806,5
67857,8
33359,7
61901,5
49152,8
65576,4
81750,0
63301,2
24609,9
22005,1
89485,9
34769,3
47573,1
76704,0
20597,9
98427,0
48321,3
66108,3
21100,4
95443,2
28996,7
85861,5
70495,3
66624,3
76008,1
31424,7
63641,4
49174,7
98255,8
20061,8
59914,0
55812,6
50766,5
87968,8
94432,8
26950,6
33527,8
65754,8
88885,5
73954,4
56735,0
38970,9
64377,5
60581,2
59261,5
81000,8
76102,4
70977,2
58254,7
91543,1
49492,1
23750,1
82105,1
90596,0
72748,0
51878,0
30281,8
96761,6
83453,1
58064,3
94027,8
63991,1
37806,4
51828,7
61481,0
51699,1
91460,8
42697,8
23867,0
36022,1
96184,3
61493,8
98353,4
81021,9
52643,0
48250,5
79690,1
75285,7
50505,4
71231,2
25804,3
86158,1
44035,2
67253,2
22338,6
20125,3
59398,5
95294,3
96197,7
29622,7
84837,8
95898,4
23761,0
90500,6
66700,5
25155,3
63755,9
23914,8
40360,7
94511,2
30590,0
58289,5
88292,1
71408,5
41683,7
25980,1
50707,7
36869,9
32479,5
48464,0
93100,5
29862,0
90865,9
89559,3
55052,1
65156,6
46322,4
38768,0
36664,1
27610,4
90892,4
73350,4
63935,0
53767,9
54755,2
82831,2
81016,9
35226,3
36284,4
54786,0
27336,2
38299,7
84792,5
96414,9
64659,8
97411,0
29851,1
89606,2
74882,8
46560,5
95647,8
83267,0
64793,4
35335,8
87810,2
34451,1
20935,9
66418,1
60619,7
75154,1
33037,8
52237,1
43573,1
56660,4
60202,2
64694,2
26044,4
47081,9
74008,4
73464,4
93013,2
42179,1
50212,7
37167,1
34999,0
63628,9
22740,0
32646,3
32885,7
38940,6
90053,6
77536,0
83843,4
64120,0
44109,3
25579,9
96141,3
89782,9
49864,0
38590,1
89513,7
67033,8
88218,7
31639,8
29227,1
45189,0
82786,1
82467,1
73041,4
79709,7
44349,4
98688,3
22785,3
84902,1
96928,5
75555,1
67223,4
85947,7
48967,9
20341,3
70414,2
32782,4
78086,4
40638,9
30110,8
64893,4
29728,8
70230,2
69234,8
21225,9
80708,6
64119,0
69708,0
34948,2
22775,9
21600,3
46634,9
69057,6
91657,2
66025,0
77071,2
48309,2
84822,9
39982,0
45586,7
43600,2
70155,2
77141,6
59791,2
52162,5
64182,2
69733,9
92277,5
82955,0
91107,5
39453,8
90642,8
37809,0
38164,4
30315,7
44520,6
96895,5
92048,1
27395,9
33830,1
33663,6
22368,9
47580,3
96604,1
68429,9
33744,0
89831,5
75831,4
81759,4
67680,5
22334,7
99876,1
94875,0
21743,5
51113,2
61435,4
55510,2
23790,0
95155,7
80846,6
97596,4
98032,8
48591,0
81427,5
92528,9
81666,1
80077,2
75124,1
72901,3
83727,2
81170,4
27703,9
51500,2
86515,3
70373,5
74264,7
84255,0
32100,5
79779,0
64887,4
72058,2
61478,3
71073,0
36778,4
64233,3
91778,0
55398,8
28379,2
46805,2
99451,6
34291,6
68673,3
52895,2
21864,3
78950,8
59734,0
70981,2
90306,6
63334,5
78425,4
40309,4
33655,0
95962,7
45030,0
53573,6
60642,8
26484,7
34655,2
47588,2
75619,0
22753,0
43290,0
93472,4
53538,7
40065,7
55065,3
72043,4
46358,9
82408,2
24915,0
91742,9
32733,1
50349,2
37033,4
67893,1
23154,9
27149,2
91675,5
24046,0
20540,9
65663,3
48871,0
50518,8
37660,3
46054,0
28426,6
91183,7
80139,6
59912,9
40599,2
98597,5
36732,7
61069,8
73894,0
36433,7
98127,4
64639,5
42585,8
57615,2
76980,3
93284,6
89743,3
83049,9
23153,8
49586,7
31790,0
34523,4
32895,7
29396,9
80735,6
68489,4
35881,5
27535,8
22375,0
28735,9
41534,0
44203,0
45871,8
70415,3
62629,4
81435,2
43759,2
59294,3
42291,7
62681,5
43261,7
81756,3
46554,5
59276,9
32741,6
30492,1
24561,1
95779,9
27193,7
73510,4
62881,7
80600,2
62387,1
24912,6
25479,5
39676,9
58713,0
69692,6
28565,6
50933,8
33214,7
84009,5
51419,8
33012,6
39537,5
62566,2
37846,4
37718,5
42756,4
99446,3
98761,8
37152,0
39292,6
29005,4
83961,1
31626,7
39970,0
87634,4
97710,7
93334,8
95943,2
66892,1
88873,4
88610,4
54460,7
76109,3
53972,5
38724,5
50577,7
89622,4
50935,1
23034,0
69638,2
32484,4
87185,9
58073,2
50178,1
69963,1
82911,7
36980,4
97944,8
65715,2
85024,2
44979,5
49878,8
77116,2
86984,2
83909,2
90045,1
83101,2
40754,5
56075,5
50605,2
38782,2
87133,6
97940,0
20471,7
24479,1
52481,3
47760,3
31168,7
64764,3
78697,7
55701,7
20050,9
84820,4
22588,3
84809,7
46261,2
58312,3
72484,9
80176,0
84793,1
78033,6
23267,3
42101,0
34498,4
33851,9
44557,2
34128,7
72191,1
65887,6
88407,0
92858,8
70529,4
86147,4
32293,4
31061,2
79452,4
46170,8
57051,7
35048,8
89601,7
35707,4
20311,2
77528,4
98483,8
81752,5
83911,6
33199,5
32256,3
36087,6
53716,4
26577,3
60488,5
45177,6
53445,0
58913,1
41819,4
29039,3
59530,6
75384,4
22837,3
92781,4
95770,5
89013,3
44139,9
99134,8
86756,5
20116,6
69205,8
74690,9
88879,7
26079,6
63015,5
60016,3
75332,7
61619,8
32897,1
77391,6
63476,5
95466,3
49643,9
67606,1
53373,6
56169,5
81978,9
98185,0
83962,6
38926,2
49705,8
72150,5
86922,7
25977,4
39152,5
54639,8
37827,2
62810,6
93447,2
77487,4
86370,8
64222,6
97269,2
72476,9
45670,9
44835,1
29459,5
55883,4
46274,0
59436,3
58904,4
36597,4
87625,4
34490,3
79187,7
71549,3
86568,1
73490,8
67599,5
53442,5
33467,7
66618,3
65203,8
48237,0
54163,0
39206,9
56589,0
32836,7
64257,8
88179,0
97840,2
72216,6
66791,8
39331,4
98065,6
77569,7
83780,4
94845,0
68238,6
59842,3
48325,8
75180,4
55664,4
90498,7
93440,2
58953,3
54053,8
84248,7
67117,5
44272,3
28525,0
46674,9
72511,9
63957,2
21808,0
29444,5
21347,9
55795,1
22653,5
36245,3
76964,3
20992,1
25338,2
78645,1
68437,1
94626,9
79838,8
84942,3
24545,8
30178,5
37544,7
40046,7
30548,1
62300,5
25832,1
47790,7
65951,9
36137,3
44538,2
60598,8
70741,5
21284,5
99839,6
61606,5
83236,8
61167,0
76266,9
56977,4
62448,8
93394,8
75159,6
36722,1
92958,2
97872,8
83316,2
68263,3
62994,9
99644,9
72102,2
32494,7
77094,1
82345,3
44080,5
45912,7
42967,3
60462,0
30224,8
69672,6
61892,3
80775,4
56799,8
47869,5
53769,5
86030,0
77913,0
91421,8
90735,8
61454,0
95944,4
89690,7
95084,2
81347,6
59144,0
47989,1
23979,2
63077,0
69399,3
31740,6
61851,1
78640,1
51243,8
95157,2
30247,1
27670,3
98005,6
62616,1
63571,7
94026,7
55613,1
38796,7
88055,3
30703,6
24698,2
27128,4
65191,8
20563,3
87170,7
33339,5
26008,1
97170,9
94046,3
79519,5
34318,9
81384,0
91548,0
53164,5
54665,8
32740,5
85578,7
91643,0
43264,0
54540,6
37684,4
49996,5
34127,3
44601,8
22877,2
35640,3
97670,5
29770,8
67097,3
32529,9
71310,4
72384,4
57518,9
30704,5
68290,7
70174,1
59983,5
27872,7
53804,5
22283,4
40015,1
59453,9
86412,5
38510,6
79206,1
37762,7
53938,9
84001,6
25398,8
43494,9
40806,4
86263,3
58794,4
50876,6
95199,8
96356,6
55912,3
99983,8
89822,4
47639,7
26640,4
84356,6
87695,4
58323,2
28326,8
96977,8
70361,9
63763,5
38509,1
77354,9
70054,8
69088,5
98082,6
69161,3
50294,7
26983,5
33505,0
30314,3
86740,7
66925,7
39256,1
96932,5
26449,5
28081,6
47717,8
86261,3
85046,2
75718,8
81898,5
31172,9
46140,1
51326,1
70441,8
74805,0
26029,7
92611,3
51697,9
91046,9
45632,7
48957,9
41484,1
59514,1
48316,3
35477,0
26002,5
34698,9
72072,9
89978,9
68661,6
29816,8
42015,9
55608,8
36159,1
30104,9
40921,2
54891,6
93281,7
83370,9
56365,6
66349,7
35514,1
67917,3
42385,8
88172,8
23726,2
59979,6
95618,5
51999,7
58671,3
97505,5
67746,5
54143,3
39662,2
57260,6
35307,4
24902,1
22032,2
49058,4
74174,3
79493,1
57705,6
70501,8
95247,6
84561,1
55289,7
67017,4
48887,2
33647,6
44917,1
59600,4
92655,1
52098,5
28344,7
37614,3
83622,9
66524,1
97559,5
48576,8
51263,3
89362,5
74107,5
48867,6
43664,4
38760,7
89956,9
26515,7
78327,2
28088,1
51020,2
38038,6
61639,6
30220,4
97612,6
60944,6
57188,7
74534,2
68843,5
40773,4
91924,3
93699,8
52786,7
68638,8
98899,0
76690,9
92832,3
45741,8
88083,2
63622,6
51669,4
78625,5
62711,9
30286,0
82679,6
95753,4
75063,0
78218,2
77186,5
36150,1
36415,9
74348,6
52746,9
45691,7
63638,3
97134,6
70817,9
43137,3
23692,2
77461,3
24843,7
20366,0
58655,5
57515,3
50473,7
48918,7
93714,7
37439,3
51019,4
67395,8
80178,3
96874,9
81075,5
76649,2
75406,9
61470,8
69557,9
91519,6
63197,8
36678,7
30520,8
67178,5
48012,0
68425,1
32837,9
54507,0
60537,4
57763,4
51338,9
62047,4
73552,2
49737,6
21998,7
93431,1
46829,3
26597,0
62053,8
86082,7
63200,8
85472,3
24727,7
52101,1
56022,7
70294,7
38404,1
60595,6
74941,5
75175,4
97259,9
44734,8
55445,4
33433,2
50565,6
79979,7
90635,6
26908,3
24735,4
43704,5
23536,4
59187,8
63127,9
97191,6
87650,3
88531,7
76446,6
96782,7
46939,3
26569,1
94964,3
29031,2
59696,6
36529,8
57933,9
92024,3
69114,3
88180,9
59229,5
34691,5
52555,7
96262,4
30168,8
83173,1
99546,8
85240,7
63217,8
22887,9
49401,1
87570,0
95675,6
48571,0
55914,6
32524,9
40642,4
66677,5
25308,5
90133,6
54436,1
54120,1
21326,1
21400,4
73028,2
77091,3
84545,6
78690,1
63408,9
53505,4
29102,4
73727,2
95386,7
79148,3
62785,1
28700,2
25076,2
82226,9
96847,8
79982,2
67703,1
30007,8
80366,0
36399,4
87536,1
76194,7
34851,3
49038,4
61625,7
61541,3
98352,0
73175,0
76570,3
68693,1
40877,9
54567,2
93818,9
24322,6
22565,6
41779,7
77376,5
87114,9
32415,0
87838,9
93667,4
91112,4
96199,5
20254,4
71647,1
68526,4
74104,1
60426,5
83662,5
40530,8
26056,9
42211,3
53973,2
62828,9
22533,9
37405,5
79202,8
97451,8
24393,4
86403,4
70998,2
46732,4
39722,2
47370,7
88702,2
98740,2
32113,7
79087,2
91068,7
86291,2
66337,2
77121,3
25011,0
56886,7
86423,7
30931,0
43890,0
39853,6
81113,0
28165,4
34340,8
59063,8
56520,9
60075,7
43689,7
93496,7
93430,9
62209,5
96502,6
69144,3
21252,7
59946,8
35720,0
21515,8
69408,8
96169,2
74507,1
46924,6
61289,5
86910,1
20675,0
21527,9
31939,6
45481,1
62956,4
21900,7
46741,9
31674,9
49517,9
47524,7
28252,2
86215,0
44473,2
41886,0
94767,6
57406,6
81984,2
25543,1
53771,6
83294,9
97653,4
92899,4
88004,7
41291,1
28765,1
80111,6
87863,4
81494,7
50361,9
54974,6
98669,1
27158,6
69035,9
46066,2
84655,8
50184,9
87573,9
78789,0
87735,2
36441,5
84646,4
72792,8
33401,6
30819,3
33452,5
94878,7
30901,6
22595,9
54877,4
87655,2
98919,5
77380,5
99178,0
95529,9
61801,5
48592,9
86351,4
96957,8
40405,1
74366,7
55492,1
58306,0
77438,2
53162,9
32024,3
54651,6
58496,0
72449,6
22132,0
95482,6
72278,9
89677,9
81197,6
39211,1
60324,7
70849,1
37064,6
70610,4
32436,4
27838,3
39741,7
62098,8
59283,7
66627,1
79612,7
63750,6
78359,4
81923,4
83393,4
96754,0
77934,2
36584,8
71289,1
32714,3
90922,1
70338,0
88636,9
93574,3
94808,7
60898,7
91900,0
34725,5
40621,2
99655,4
29720,8
42480,8
73997,8
66630,4
93003,0
56092,3
51610,1
39888,1
48201,1
93603,0
42012,5
86663,5
54948,6
99264,7
22898,9
20356,4
60446,9
98855,3
25159,1
69967,9
43621,1
44502,3
57396,1
99133,4
69615,4
20462,9
28043,7
77979,8
20963,8
63620,1
33631,6
44246,1
88518,4
70839,0
31421,0
35238,2
39232,5
77490,3
62004,9
29109,0
77103,7
60181,9
22411,4
81295,0
71348,7
31595,7
43250,3
60034,6
40419,0
62805,3
68967,0
76894,0
82117,0
81675,1
91870,1
38714,9
89100,3
61608,2
22054,6
76476,5
69166,3
75904,5
63237,7
99367,8
38382,8
67406,0
55093,6
93442,4
92412,2
83200,3
94854,3
96258,4
69033,0
30862,6
54674,5
38138,1
45883,3
69083,6
26814,9
45692,2
98584,2
87563,4
91617,6
77771,2
37285,1
82186,6
31178,0
72092,4
55302,9
32823,3
79194,7
28751,2
61873,1
49013,7
77360,1
71740,2
62054,7
80848,4
85760,2
83507,1
97885,7
54222,8
65662,6
77203,9
64594,9
90670,1
80692,2
57445,9
21725,1
52816,5
54336,5
98926,6
79193,0
68158,7
81543,2
70708,8
99848,5
74540,5
79228,0
28768,3
30804,7
78986,1
56180,9
53754,8
63721,2
54133,8
45426,2
60858,9
82668,0
80643,3
98011,4
80025,4
32332,0
27851,3
56319,3
54850,7
26216,7
61143,3
38669,4
24862,6
66641,7
25924,1
44257,3
69251,7
71736,8
57224,9
92186,2
80265,5
42640,1
86839,3
63331,8
55710,1
95454,8
69505,9
43817,8
88814,2
76828,6
89746,9
28581,2
50623,0
42672,0
49598,7
96532,9
22822,3
93031,1
63681,3
33254,3
64671,1
37511,4
86081,8
63801,8
94312,7
20579,6
62669,2
53036,5
80401,9
23349,0
81090,8
51546,7
50502,8
80934,4
97565,3
38838,2
72828,3
86149,0
25319,1
53703,8
74854,1
44695,5
48133,3
94914,7
83046,1
33081,8
38789,6
70110,7
26576,5
81681,3
85384,6
85948,6
77507,8
24391,6
79942,3
34299,7
58529,9
44485,4
23400,9
27715,9
52940,0
41048,6
60782,3
85584,3
65087,1
48857,5
34265,5
57614,3
20864,8
23558,0
42660,6
33488,5
34160,6
21388,1
86361,1
61730,4
37860,0
55387,7
71532,2
32102,0
39821,6
56539,3
69379,2
52363,7
82206,9
86892,4
71042,4
67956,5
43283,7
59180,4
56142,1
66562,1
62404,2
46306,7
82046,7
69376,2
56126,8
41778,3
50671,9
78797,7
68132,6
66423,8
29406,1
37473,3
73046,6
76601,3
79015,1
85613,6
26329,2
37735,2
58869,4
81469,7
38008,5
63627,8
56423,2
84459,1
61614,3
46194,0
70932,9
28596,0
66198,9
55679,7
84707,0
21994,9
41044,0
32163,8
60978,2
39770,5
64131,6
69887,1
55809,3
38619,5
64383,9
27055,3
81474,6
48092,8
25448,2
74000,5
78614,0
94197,5
78731,0
53996,1
55220,3
87611,7
41723,6
94089,1
84667,9
82030,0
95816,9
24605,3
65178,6
58252,1
69466,5
40458,9
64179,4
58733,2
20620,7
69381,2
47510,4
94194,7
37326,6
65309,7
89788,0
31590,3
74233,2
73272,0
33741,9
44837,0
93751,6
88076,2
65202,3
70809,8
53709,1
53438,5
94092,7
62052,7
80325,9
31251,3
57384,4
40281,6
67213,5
31660,8
42088,1
31938,2
62691,3
97023,1
52630,2
29349,2
64779,7
53607,0
98498,3
45681,5
65023,5
37289,7
47265,1
49500,9
58898,6
62725,6
95786,1
55489,9
27095,4
61586,1
80089,5
55663,9
67401,2
98236,9
51548,8
43252,6
46774,1
90878,9
86108,9
83282,6
38111,8
53416,2
91402,5
24042,3
43425,8
40220,2
78754,2
99085,9
59104,1
52537,3
76122,7
39818,4
99823,1
40029,8
60956,5
36401,4
53396,6
52783,7
27659,4
21939,4
67805,8
35304,3
83888,0
43488,6
79184,5
49661,4
86805,5
71581,3
89141,0
91696,8
87835,5
65009,2
39294,5
50447,7
23533,3
95761,0
39190,9
83556,8
95359,1
74353,7
20194,0
35373,5
93234,0
25119,8
36107,1
92578,4
22115,2
25930,5
44190,9
85221,4
61337,2
86827,4
88864,5
56201,1
30155,4
63486,5
76374,1
99320,4
84040,4
67757,4
43966,1
71868,5
47009,6
82706,6
99466,9
46725,2
76950,3
69345,9
39642,9
43089,0
76290,9
71208,6
34597,7
69788,8
31456,1
43396,3
25105,9
35894,9
23662,4
43093,1
74246,4
27298,8
36365,3
69267,2
57043,3
24616,8
93704,3
45373,4
33454,2
27374,7
93317,8
63844,8
26725,7
28438,9
42383,8
32712,8
56680,3
48732,0
65160,4
45346,9
21244,9
69685,8
45342,1
73285,1
28990,6
87412,4
87576,6
29544,5
88286,3
67214,7
56472,1
89896,5
44606,2
76041,1
45550,3
95025,2
73456,0
58573,9
95100,1
54502,3
58776,0
35918,4
21824,8
93587,5
75170,3
78811,0
59041,2
72369,7
76110,8
24114,8
74435,6
74411,3
41132,7
32164,0
38604,5
73688,3
25199,0
22933,5
87910,2
85990,6
41467,9
45306,7
77811,1
95481,5
67618,6
94757,5
23120,5
44134,4
94342,5
81278,6
96042,3
48946,1
47452,6
61815,2
62480,5
53697,2
98609,0
68014,0
89052,0
52091,3
86918,3
46581,2
27047,8
50374,0
26455,1
66273,5
28363,8
65423,0
39979,8
26752,8
54155,7
82351,9
58221,3
97173,3
86199,5
25359,5
44140,7
90123,6
95072,9
95148,7
65856,9
49902,2
73600,3
61036,1
97879,4
52224,5
37221,2
44235,8
47688,6
26119,6
49309,7
38003,4
34386,4
21956,0
42181,1
67191,5
43300,8
92756,4
88209,3
79374,3
51275,0
74779,7
76812,0
49761,3
95195,3
75472,4
60013,3
68814,3
43471,7
70179,3
89353,8
40717,6
48801,6
48951,6
53831,1
75444,2
98930,6
47301,2
46401,3
49338,5
95601,3
30624,7
67171,5
90928,3
91939,4
71536,9
37758,0
91875,9
55864,4
83373,9
80662,2
98936,0
35755,5
88127,3
35748,0
28952,1
83669,0
22077,4
43044,9
87542,4
26800,9
93532,8
40708,2
83721,8
91313,0
37247,1
79436,1
64569,9
69123,8
23411,5
58130,3
32126,3
86845,8
99241,4
26016,2
47569,4
83332,8
60312,9
94078,4
28943,1
78765,0
79018,0
30981,1
74715,2
69869,3
61442,3
22931,4
80789,0
30266,4
80359,7
71257,6
34915,6
76888,3
43698,5
40468,3
28847,2
61332,5
25135,6
77257,2
56613,9
30066,6
28667,7
87901,2
41681,8
50659,4
58543,5
79550,1
42624,6
35292,1
21468,0
82607,8
53163,7
36866,2
97519,8
20661,0
28695,8
67554,4
73056,5
69454,5
47387,4
24049,2
63321,5
64197,4
55006,9
69534,8
29788,5
69976,6
51722,7
56242,9
33977,9
87589,2
54424,3
46555,1
32638,7
42953,6
89942,5
98034,7
87929,1
68186,5
52342,8
22377,8
45903,1
25985,6
47139,0
51426,4
71844,9
50002,1
36868,3
32872,8
91238,3
60948,2
93391,1
39618,0
52903,0
67176,3
77772,3
38956,4
42245,3
83645,3
38928,2
64184,6
94712,0
44838,2
50960,9
90023,8
70207,5
47001,6
43134,7
45107,2
47874,1
81057,9
78943,7
62187,0
76546,5
38612,2
41708,5
95261,4
84979,7
65812,0
37593,1
36831,0
87054,0
21307,7
30405,0
25666,6
31466,8
44083,3
78294,3
32737,8
45963,3
25564,3
95305,2
72376,0
56080,2
72399,8
85220,1
56396,2
82033,6
43751,2
95054,4
71360,6
58594,2
74438,5
35960,8
38338,8
33225,3
46476,2
83811,8
46013,5
96209,0
64709,0
30794,4
86749,0
59222,7
77260,3
62504,9
84373,8
59882,2
56712,3
75592,2
41935,1
60381,4
50807,4
62829,7
66674,2
86463,3
74143,7
22303,1
34726,4
84100,6
99431,9
66250,1
32435,0
68348,9
35377,4
40682,6
38864,5
42359,2
36195,0
47174,2
35695,1
79648,4
90792,1
37251,4
74189,8
68210,4
26710,0
29260,7
60160,0
20397,9
76559,8
66659,0
35673,2
43268,7
86714,5
71278,0
52331,4
93873,2
52870,3
98444,6
53681,4
77901,9
44294,7
78901,4
36624,5
48943,1
72704,1
38099,2
40811,9
43901,2
36120,5
88161,8
83343,2
97071,7
31861,3
51090,9
86443,1
96848,1
91964,3
45168,0
58812,3
41966,1
48004,6
22554,9
53735,1
60867,5
53766,5
50683,0
33286,3
53964,7
44009,0
49609,2
82990,3
79045,5
93534,1
80626,0
40392,7
35225,4
36904,5
94180,4
43148,3
71809,1
50764,0
22489,7
20842,6
38154,4
73192,3
47182,9
83152,1
53677,4
31708,7
46736,5
36215,2
49383,2
68587,3
94047,0
78920,4
99414,1
22834,8
68166,5
26958,3
39777,5
52002,3
32949,6
59235,8
97493,7
25481,8
56031,7
34425,9
23578,1
53246,8
75658,3
23811,1
33076,9
94577,1
88589,2
62667,6
33090,3
37575,1
93426,6
95757,5
77130,4
95514,2
84656,5
29065,1
84616,2
25278,7
83644,1
43716,5
88740,1
74618,5
88303,2
56961,3
85395,3
24956,3
94131,7
84927,0
61230,2
89653,1
77227,5
91844,0
53658,2
75174,1
87195,5
41773,4
71326,7
28429,3
67260,3
33544,6
56013,5
94583,7
52699,2
59974,8
23084,7
50578,9
74463,1
51261,5
77553,2
23792,4
54292,8
81529,2
86505,3
97206,2
30403,7
29478,9
58683,2
44663,5
54771,8
52216,3
69329,1
33710,1
76795,9
65612,9
43230,0
80818,1
27826,9
91728,8
30684,9
66292,3
35200,4
76655,9
39354,8
35114,0
55089,4
69203,2
42547,4
62895,8
26585,4
23896,4
39575,0
82976,6
85712,7
42572,9
86609,6
28317,3
40957,7
69888,6
44181,2
24907,7
74318,4
65332,0
23117,5
29529,2
86838,8
62556,7
68858,7
62775,6
72782,5
58624,2
69689,6
66898,4
82648,9
95050,4
95607,2
26420,8
23930,2
70108,2
32496,2
81510,0
36760,8
31254,1
99576,9
71493,6
49976,0
91386,3
78138,9
67769,7
76853,8
79428,1
86929,5
97683,3
94201,1
91483,4
21038,2
79474,1
93592,2
37598,4
91456,5
92052,0
66327,8
65611,5
38579,8
83762,7
27325,3
68209,9
44481,5
70946,6
73009,2
79578,9
85991,3
46836,3
75503,1
29305,8
58875,7
65277,7
87737,0
22203,0
79909,4
47933,1
60847,6
48409,0
87182,0
21392,2
96555,4
74288,7
41384,7
36160,9
62167,1
47861,4
60422,5
57264,3
46703,5
96304,5
50223,4
32076,9
26456,6
27461,1
64293,7
79292,8
75637,7
29024,1
20463,4
73534,7
25860,3
77208,2
46639,9
36521,0
69597,4
58383,4
36032,7
68321,6
32561,8
36642,1
65395,0
26645,8
20139,6
99817,1
50486,8
38477,2
54564,9
79379,2
47917,2
29145,7
99125,9
62431,5
43277,4
95313,5
52137,3
41244,3
46348,4
52829,0
93300,4
45321,5
39727,2
74013,3
79647,9
29314,3
51258,9
20552,3
88079,3
33128,6
34763,6
31147,9
36982,5
55426,2
59851,4
63247,8
52110,7
75487,1
45210,3
54371,7
80957,8
61825,6
58856,4
42823,1
86909,7
46505,7
53145,6
86847,1
26175,3
99818,3
54304,6
34282,5
32104,4
74382,2
26284,5
81399,0
83238,7
45407,9
30153,2
54607,7
39141,7
57950,7
42688,2
85634,8
84751,5
90433,9
59715,3
46707,8
48619,9
51372,8
78478,9
98480,5
66575,6
30544,2
23588,3
57183,6
73764,7
74372,4
62498,6
60118,7
89240,1
98783,4
36847,1
87025,5
33239,5
47272,1
35191,7
83701,2
89878,2
57439,5
44088,0
21618,9
67834,4
69571,8
49417,1
32035,8
37300,1
61689,3
65084,2
81731,6
77709,6
35655,6
35883,7
93730,4
72331,0
37467,6
98836,4
65625,2
22122,2
21376,8
73554,8
73619,2
52213,9
71827,2
61299,8
74642,9
45802,7
92339,2
54058,9
89668,6
99045,3
38730,5
55542,0
58644,3
86952,6
58479,3
70134,0
71586,1
33237,2
65321,5
28313,6
98725,7
89937,4
70563,6
37917,7
64755,7
25125,6
97284,5
28045,1
70546,7
96776,5
58325,4
63584,4
37282,2
57471,8
83352,8
75565,9
71591,3
23397,1
36377,0
68963,0
65711,3
23427,6
78812,1
67572,3
33640,3
30742,8
84752,1
88870,3
35104,6
64296,3
93735,9
52210,5
53360,8
85928,1
22364,2
64044,2
42810,7
95621,9
38720,7
42471,5
40482,6
71759,8
21712,2
69419,1
65412,1
65825,3
55566,6
53575,6
70570,1
95078,8
50555,0
82267,4
26421,9
81313,7
81263,1
96420,0
61629,0
88847,0
79599,7
93992,5
46996,8
57501,3
97044,1
68560,2
66071,7
33633,0
41572,0
29199,0
34020,2
73312,9
24986,7
34326,1
66235,2
64941,3
83598,7
45029,7
31661,5
48128,6
32920,4
86183,7
26899,4
47892,8
79108,8
57459,9
95591,5
36081,6
31438,4
33917,7
25893,4
56280,9
61089,5
98599,5
33923,0
54648,0
51153,3
64048,3
71737,0
84135,2
25295,7
61949,1
47629,3
72726,1
89101,6
25314,8
78559,5
60887,0
69980,2
51429,2
70486,9
51344,4
97860,0
93652,9
37865,0
94119,4
41334,9
30519,6
86383,5
48275,6
27577,0
78992,1
55477,3
25744,4
91019,1
91683,8
92720,6
31241,5
86140,7
89146,8
31487,5
39403,4
50719,3
77522,6
28554,8
66799,2
49666,4
45703,1
92342,3
48984,6
87208,7
27203,8
56121,8
40103,0
95012,0
98164,4
85683,0
98744,6
55336,0
75883,1
23123,2
55806,3
69094,8
60407,4
57085,7
60656,0
88288,9
79753,5
84680,7
66252,3
34032,3
84353,9
57058,0
79000,5
93245,7
26094,4
34456,3
64177,1
22384,1
95953,7
64392,9
59197,3
39762,7
86456,9
85249,8
79051,5
57062,7
92085,9
52429,1
72931,9
38715,7
49973,7
53392,9
59908,4
85853,3
75947,1
90418,1
98437,7
96415,6
83423,9
56367,0
58619,9
83889,6
44940,4
88869,4
44406,0
71424,1
64063,9
79260,0
27867,7
52603,9
45990,1
87727,5
78229,9
68483,1
40676,1
98566,2
37900,3
53370,0
76263,0
99924,3
40305,9
32959,9
44218,7
94573,3
95345,9
74254,2
94545,0
84180,9
29534,7
49764,9
74257,9
55673,0
70775,6
92437,6
48567,4
50776,8
95673,0
22986,7
81971,8
89740,3
84150,3
73914,0
33256,7
67110,0
22729,8
91681,5
49120,3
93838,0
70366,6
56822,6
78189,9
50620,5
68421,5
66945,3
95311,4
90009,5
20956,1
62851,4
62481,0
40880,7
50336,1
72391,8
43055,1
21208,3
73774,5
53612,5
42584,0
90970,4
82572,1
25056,7
50214,3
89390,5
23304,0
84208,7
39139,1
48293,9
38288,4
35375,4
87007,4
87245,1
57868,2
68188,4
60117,5
42834,3
42099,7
56478,1
34686,3
62475,4
84305,8
49738,6
29551,0
67387,6
28744,9
51144,8
76039,3
63611,1
22883,3
36615,5
20816,7
72082,3
59089,9
68271,3
27135,6
64868,4
51640,9
66334,3
75527,1
68935,7
91864,1
52001,5
43926,9
83222,6
65076,0
61834,4
25841,7
46504,5
76829,2
65388,1
42700,2
48598,1
67801,5
28991,9
87291,6
75206,2
74209,6
42286,0
68252,9
26300,8
82682,8
96333,4
28725,6
23686,3
41008,5
59801,4
87240,6
75770,5
23500,0
67154,0
37543,8
42075,9
35890,5
32431,5
80829,3
69598,1
80090,9
29563,3
27979,1
58678,1
38281,1
70831,5
58964,2
82756,6
32254,0
30509,7
65039,7
76380,0
90313,0
66401,9
29614,2
63734,9
99424,5
59141,1
99169,5
57897,1
39451,5
35330,7
81018,0
60718,1
51905,9
28857,8
97861,4
83083,1
65441,4
69115,0
70928,7
89966,8
36172,1
85247,9
56809,9
27225,2
89303,7
61216,7
84631,6
37014,9
37213,6
80011,8
97787,7
75279,6
69832,3
82663,6
41961,7
43272,1
51690,3
91981,2
76931,2
90013,5
82970,3
37490,1
53762,3
82762,1
88467,9
61272,8
21212,9
68523,0
48294,0
43182,0
83938,1
64458,6
81533,8
82587,8
91881,6
53299,5
78068,0
45892,7
96860,0
36679,4
72456,8
26689,8
96219,8
70122,1
85306,5
94760,4
28722,3
78817,2
50119,5
77595,2
64143,5
44099,6
40087,2
28628,7
65017,0
77703,8
25663,6
74251,0
83810,6
22388,4
48485,0
38975,5
75452,2
91069,2
31282,0
47676,4
78569,9
44537,6
56676,1
90798,9
56219,3
96626,8
81656,9
66403,3
66348,4
47316,8
71787,7
62752,7
25531,5
65359,0
78382,0
99259,0
31349,7
46511,9
97197,9
62656,4
23317,1
90077,2
22252,9
32433,9
48315,1
85968,5
48271,2
25599,2
90579,8
53114,8
95649,6
98379,0
84285,0
84530,0
46947,3
39695,7
76261,4
25016,9
73636,6
96251,9
36257,2
45370,4
22673,7
57194,4
57066,7
45016,8
88593,4
88927,2
45186,7
83767,6
42177,2
44553,2
65778,9
26331,6
33905,2
79890,2
51768,4
74177,6
49925,1
38996,7
78463,4
42226,4
44496,5
57121,0
34521,4
39471,9
47995,4
43285,0
98176,2
98072,9
91669,8
38000,7
73280,1
79197,5
77011,5
50640,4
88975,8
90673,2
75988,6
61938,7
89242,6
99930,3
88421,2
89836,5
26318,1
34307,7
70798,3
57959,4
58815,0
78989,4
39962,4
47555,9
76722,8
92361,3
42581,8
31936,8
63692,2
33010,8
46208,0
89374,8
52089,5
79361,4
75728,4
87110,8
42648,3
91463,0
24547,8
76262,4
28721,4
55191,4
26923,0
76065,4
81548,5
42325,4
57792,1
29020,9
96151,1
31397,6
45506,3
47509,9
29575,8
57561,1
50508,2
43713,1
79698,0
35005,0
20201,0
71526,2
94884,1
39910,6
76181,5
29497,1
33070,4
64472,0
89756,3
43985,2
88790,7
99474,3
87783,4
86184,4
61221,6
48579,1
48195,7
28336,9
29989,9
53625,4
89153,1
84081,3
21588,3
76728,7
26186,9
31436,9
96360,7
98477,7
27216,9
55560,0
42376,0
80363,4
84346,6
78082,8
21122,1
89128,9
35565,1
56465,0
73646,6
85628,1
86385,0
29040,3
66472,4
76777,4
29853,5
75402,5
79091,4
76492,9
46139,8
59837,3
20964,1
21830,5
91474,2
42486,2
26728,5
69074,8
40684,7
32569,6
43953,6
21489,6
50891,9
67867,7
69508,7
91731,9
51169,3
59350,3
86524,4
50557,7
49007,1
34214,9
84089,8
82362,8
42499,7
61796,7
98257,1
54545,5
28533,2
63927,1
80218,0
34300,3
42290,8
41884,2
84926,1
38245,8
24370,4
31629,0
64963,3
94173,1
45916,2
51432,7
55029,4
28447,4
91775,6
68319,1
29379,7
67841,3
66860,0
61697,3
50586,1
78119,3
21617,7
28888,7
98808,9
37832,1
57716,2
78616,2
39373,4
54159,5
37234,1
38321,7
96589,6
32442,6
20175,4
52335,1
98137,9
92651,2
56649,6
49390,2
91568,4
76909,9
83113,9
77269,1
28151,9
70887,3
74758,3
41792,7
49379,1
37952,5
86509,5
99949,0
62595,8
89607,2
57285,1
29578,2
78549,2
40155,1
88503,5
38949,4
97368,2
41502,8
63740,9
31376,9
33877,6
45125,6
63386,7
99147,0
41393,3
80882,8
54306,3
61516,4
84653,8
60787,8
53555,4
39072,3
93059,4
67405,0
78195,1
34309,6
76088,3
84547,5
31961,8
49927,3
81854,4
61974,4
47404,2
46456,4
56393,8
84553,0
29565,9
62596,9
46198,2
45389,6
43536,8
20444,2
72381,3
45636,9
54448,4
73260,3
46183,6
61263,9
24058,0
84404,0
60673,0
86265,5
95451,2
98916,6
34789,5
74362,4
93664,7
31133,4
27354,6
33288,0
45088,3
98019,4
54708,5
52165,2
74323,5
40175,7
32565,8
47952,4
78476,6
78622,6
72712,9
49589,3
82352,2
88275,5
68424,9
35938,4
21554,3
60813,2
73148,3
29148,2
31390,7
27892,2
98308,7
83160,7
65783,3
27570,2
79962,7
51765,8
73174,0
64280,4
24458,0
79782,6
63947,1
80370,2
82533,5
90843,4
35508,5
42365,1
43814,4
60339,2
97646,8
30508,4
28390,3
60596,9
74756,0
25752,5
85300,3
43564,1
21918,8
48731,9
54047,6
99421,0
69165,3
71250,4
22535,2
90280,4
31278,5
27845,7
57803,6
54928,1
80440,6
68012,0
70321,2
23837,5
27956,6
34384,9
45226,7
21277,9
54518,3
58849,8
77332,7
65340,7
58059,5
42333,9
30335,1
97309,9
94174,5
61247,8
79380,4
38437,6
25838,1
91446,3
87966,0
44447,8
39493,8
90622,1
86279,4
63936,1
31338,2
78952,7
35003,1
41567,9
76724,9
76935,6
35396,0
88926,5
90755,1
43604,0
30140,0
44746,0
86439,6
93002,9
40308,0
33608,4
57342,9
53590,3
34003,1
51244,3
29115,1
47804,9
27148,9
33861,9
21544,5
90708,2
69764,4
25675,2
85934,9
41570,0
71866,7
79492,4
81462,0
98320,8
68438,5
54429,7
36355,0
75019,1
42331,4
61467,0
32896,4
49290,1
60821,7
54913,1
46575,3
37454,4
70116,9
98474,7
57766,4
44470,3
99276,4
91384,1
47748,0
53372,2
43679,1
99702,1
83071,2
55485,5
77681,9
69939,1
38840,9
71805,5
58738,3
81306,4
77334,2
92516,2
56148,3
54970,6
59082,7
90005,3
60629,9
98259,5
62161,8
56584,1
84338,8
86900,9
92245,4
35392,4
66549,2
61297,5
25293,1
79731,2
60853,0
98861,3
83728,3
97035,0
46297,2
83380,6
38732,0
83077,9
89695,3
91660,9
40581,8
61835,8
71114,9
51434,5
45341,8
58802,0
32899,3
87005,7
56264,7
26210,9
42374,5
31185,0
67851,7
43411,7
92966,7
20348,7
65741,9
51935,4
97160,7
26166,0
86507,0
83295,9
48178,5
67639,9
99242,3
56690,5
37118,7
55861,7
25633,6
45801,5
98779,8
84148,6
27022,6
23105,3
97964,4
49890,1
30439,7
71530,7
87619,9
95578,4
92897,5
67682,9
46812,0
57390,4
48594,6
47911,1
21274,4
29088,4
21162,1
27756,7
59391,9
22766,5
76286,2
65773,1
40007,5
51099,4
39709,1
66227,4
21249,3
75467,4
50333,4
94478,3
49146,7
71469,3
60080,7
94975,9
29753,0
48821,5
77523,3
63102,9
78003,0
33470,6
34551,2
86047,2
66534,7
32757,8
94142,8
71697,3
34131,0
67219,9
62270,8
31144,2
93289,9
87697,4
54535,6
93342,1
40165,8
32250,4
41743,7
63823,1
78240,7
29117,5
67313,1
69085,7
46724,9
88386,5
52419,5
27111,8
44353,5
86561,5
84044,3
26155,4
85649,9
37356,3
88121,4
26410,3
34982,4
88563,2
73843,8
70688,0
97503,8
50043,3
29666,1
55339,9
64207,8
80402,9
70020,3
22833,3
70640,0
58571,4
37359,2
30846,6
88027,5
67030,6
22716,3
22289,8
26070,8
30784,0
59281,1
25363,5
78935,8
56689,4
27900,3
90639,0
94839,9
29743,5
91369,8
47896,7
93823,1
57491,6
99258,3
54757,6
94086,5
75376,7
51037,9
42320,0
99470,7
69124,4
21174,2
94354,7
61383,4
46682,0
66107,8
69300,8
45987,2
88857,1
74932,5
78002,6
66852,9
58494,6
99138,5
91189,4
80865,3
24290,3
46342,2
29477,6
95986,7
87039,5
64929,0
22496,1
94398,7
36469,5
25071,9
72477,9
20478,0
51808,8
33778,4
52626,0
57223,9
74518,5
89182,9
27482,8
25478,7
98476,9
61408,9
92533,1
76201,4
31401,0
55718,2
71903,0
31603,7
67046,6
69860,6
35708,8
50182,2
78513,5
72264,0
78278,8
45887,6
58235,3
75068,6
57811,9
64768,6
33477,1
89725,0
32659,3
80515,7
53633,2
55742,7
50272,7
93004,1
42194,9
69522,6
78376,9
42765,3
93350,1
60498,9
76926,3
56720,1
47082,5
30499,6
77988,0
94557,7
73167,4
60773,5
52394,4
71370,8
43837,0
37464,8
52811,6
99109,7
57126,0
42474,3
85011,8
54993,5
50598,7
82957,7
98073,5
27232,0
63011,8
70858,8
40342,2
60792,5
24870,0
32381,0
85646,5
67732,2
29641,2
63975,5
46156,0
27350,1
52346,6
54185,2
88395,4
72941,6
46525,6
33511,3
48097,8
28559,0
88064,6
54328,8
33103,2
36453,8
26023,4
63686,0
64317,0
67912,3
90885,9
89132,4
94290,1
62099,8
86872,6
55451,7
44588,9
34251,8
47407,3
56947,1
35474,7
29573,1
98974,8
87827,9
55609,0
50269,0
86814,8
83054,8
94514,9
29595,1
98695,0
24284,1
67206,2
74275,1
81428,4
42663,3
79195,9
45490,2
75620,7
54261,5
54985,9
37009,0
41298,7
74776,5
93996,8
62503,4
28100,2
42406,2
54360,2
90139,5
57078,0
36241,7
96600,8
71894,2
96833,9
78872,0
94472,3
49503,3
44638,5
90553,0
21764,8
72868,8
50278,7
66637,0
65862,8
27420,5
78035,4
92588,3
21667,9
43141,1
78632,0
75369,4
88075,7
74035,7
30486,8
67530,4
92097,0
37177,2
97496,5
41763,4
78241,8
33198,0
81126,8
44883,0
45960,2
87913,1
90131,7
68520,0
90338,9
60382,6
61376,4
22511,2
29800,7
44006,1
61869,0
24280,1
90591,7
85113,1
30404,4
30963,0
97207,8
55687,1
46540,3
60636,2
25943,8
82287,9
73578,9
37741,1
21232,6
85301,4
38761,4
65233,1
45913,0
38681,0
64167,4
89596,4
45683,6
50567,7
89205,3
71899,6
55099,2
24169,8
44831,0
28004,7
70153,9
20683,2
89137,4
58987,4
95298,7
59064,9
80050,2
24090,0
68675,5
84401,6
63814,0
83269,7
35785,9
48291,7
63250,1
49194,8
61356,2
79993,3
33745,7
67165,8
29827,7
65907,7
91866,5
72676,2
56291,5
97283,9
57454,3
32469,6
28395,5
33657,6
95705,1
85481,5
24859,5
79485,9
97330,1
37902,8
69366,5
76791,0
32596,6
48908,6
38688,2
47864,2
73154,9
55005,7
23531,1
99891,1
27653,9
29581,3
92020,2
64673,9
71089,5
56228,4
82540,2
86572,1
32115,9
22418,7
50587,0
70796,2
70777,8
87019,6
81186,6
36820,9
59336,2
79407,0
44555,8
46683,2
99969,5
90898,9
73276,8
87890,7
99894,9
70061,8
55107,0
62088,9
30564,9
39340,8
70006,1
26596,8
88586,6
64481,7
56467,3
57457,4
89118,5
71965,4
98784,8
64511,3
39393,5
76361,0
85778,3
42470,9
33196,6
43088,0
69259,7
99545,9
36626,7
40745,4
91802,5
56145,1
55206,2
51334,2
28868,6
72012,7
55373,5
65829,3
76318,0
39276,0
77348,5
20423,2
45596,0
72944,5
73602,2
68360,7
51456,2
83627,2
50427,3
46994,9
90812,2
20727,5
97591,6
52501,9
95583,0
66787,4
63379,8
80035,3
66905,5
91032,9
92998,4
83245,3
86163,2
42650,7
98789,4
43577,1
85498,6
33226,0
37113,1
47215,9
40249,2
90515,3
29713,2
75308,8
23365,1
29332,9
63578,2
86274,1
67785,6
55867,9
45433,7
87131,6
29380,3
65021,1
80472,8
79390,3
59331,2
67440,9
60247,9
75301,8
24317,4
75617,9
33893,3
21415,6
30966,1
82159,1
63693,3
93635,9
22979,6
29273,7
70597,8
76768,1
23230,5
22488,9
84774,5
29000,8
87879,6
21696,4
89439,6
52674,8
98910,0
43661,5
38516,4
81918,1
59668,1
24298,7
58356,8
43539,3
99173,8
75866,9
30451,4
32966,4
79123,3
93106,9
86551,6
67101,9
49388,6
44898,2
75228,7
52669,1
28202,9
97034,0
73186,1
26990,9
52655,0
38117,0
70719,0
27920,9
47180,1
29869,7
72224,4
69825,3
96541,5
96126,8
86873,6
27908,6
92838,8
68420,4
80859,8
61184,4
77406,3
31528,6
46385,3
29858,8
23967,3
65895,2
63731,8
43764,8
27869,7
94250,5
40899,8
43475,0
81537,3
70991,8
59573,5
39001,9
94991,0
39626,8
45611,7
22996,9
91468,0
87980,1
59950,5
63535,7
49062,9
64479,5
20156,0
71983,0
81912,4
85784,4
90952,1
82290,9
74405,5
85964,7
39299,0
21312,1
80190,3
40030,8
62869,4
50619,5
79747,1
30622,5
32612,9
50957,7
29587,8
25957,5
58800,8
88638,8
95296,6
41310,0
86035,4
62606,5
30609,2
34037,9
25080,9
55053,0
41431,6
79413,1
21354,3
81920,6
28670,3
57192,6
81383,4
57104,2
69212,5
79287,6
84438,2
39240,1
63565,8
67456,1
78805,5
24693,9
83232,4
29342,8
47398,0
26037,7
29593,3
65300,6
83800,0
73267,3
42520,6
82027,9
60161,4
65774,8
43124,1
42210,1
70183,0
77684,1
59872,4
74418,2
35424,8
24334,9
48493,0
53262,5
24353,5
76208,6
96280,4
26025,8
69782,7
68956,1
34322,4
40296,5
99378,8
35590,8
98847,7
51075,2
89216,2
64643,0
35112,2
31362,4
72897,6
36761,4
61997,3
41007,8
36374,4
75172,5
48790,2
90698,6
24749,8
98359,0
56706,1
57344,7
69865,7
75960,8
93107,2
63898,5
57307,0
71298,5
44652,1
72993,8
62408,6
55407,0
56406,0
60951,5
87585,3
73533,3
84386,3
68730,9
54331,3
54693,5
68801,7
83840,2
21878,1
76757,3
46248,3
40693,1
23601,5
82676,9
67505,5
31797,2
37380,1
35291,3
29791,3
90907,7
36218,1
68480,3
53554,8
77458,3
99608,8
53106,7
82121,2
97050,5
30979,1
98392,2
93752,7
57041,7
95162,6
52749,2
86453,6
48539,6
73005,1
42271,1
24892,4
53087,7
86727,2
32875,4
70844,2
70214,3
85259,7
57598,7
74639,3
81010,0
62213,7
34570,7
82873,6
90641,0
42527,2
36830,1
62231,4
23428,5
53510,8
70045,3
33062,8
32081,5
28003,9
34240,2
85583,0
73779,0
33349,2
33303,9
41527,6
62189,4
79730,5
20004,1
67941,8
29793,7
53303,0
77038,1
38575,8
23532,3
36414,2
49592,1
88691,7
66398,4
30145,7
70978,9
71497,6
89072,1
49491,1
42094,6
52300,6
76255,2
46087,5
95421,4
92867,4
33986,5
61587,8
47514,8
48649,0
48725,8
45464,0
42802,3
41426,2
36104,4
66616,3
65620,1
93069,5
90617,2
85461,0
48656,6
37417,1
58780,0
87077,0
31000,3
92264,7
28993,7
63187,4
36845,2
42069,6
51078,4
71479,6
52472,5
22531,0
39035,4
49964,7
90726,2
82395,0
73088,0
63156,9
26969,5
87809,3
90454,4
45397,0
59466,4
55040,5
45821,1
47013,4
74076,0
47333,3
30893,6
45240,8
70397,7
26014,8
29507,4
34158,3
55802,3
72086,4
74356,1
88690,0
49802,1
65473,9
45816,0
45619,5
42434,9
40170,6
80059,7
89338,6
65989,1
28481,0
48753,6
24824,4
61490,0
92700,3
53076,7
75986,4
66533,0
56792,3
44968,0
65763,8
54792,6
66683,9
61406,8
38775,2
40251,1
69846,4
68493,8
89566,9
68718,8
64645,2
72279,5
61262,2
21757,5
51849,7
74446,0
61208,3
67726,3
89063,0
87978,4
86525,5
21362,0
28946,1
95886,3
22152,6
31071,7
51577,3
36517,7
65279,7
89179,8
27077,8
41776,0
53226,1
95540,7
75122,2
93295,0
80249,5
59420,7
69655,2
34303,0
90778,2
51789,1
73496,4
29054,6
54903,3
51911,5
67973,5
56861,2
91632,9
79642,7
98949,3
26803,9
99660,9
21594,0
62852,5
48721,6
28883,5
82434,2
47295,4
78451,7
48386,0
59077,5
87264,2
69727,1
31472,9
42215,0
36139,5
69367,4
23170,5
23505,8
93039,7
77241,1
73370,5
57723,4
96115,6
47480,2
36660,8
88863,4
65384,7
87648,4
54881,5
23822,1
81464,3
46388,6
21042,2
66000,1
76937,3
48714,3
95111,4
45870,0
60691,5
93102,4
35451,9
20354,1
24960,8
34947,5
70468,0
89669,2
91851,4
25343,8
72721,3
80165,9
53998,0
61056,3
85005,5
60267,6
82472,2
86680,5
70573,8
42285,5
27056,1
44003,7
50692,2
31414,7
59304,1
46888,7
44152,1
71700,9
54855,4
58049,5
63435,1
45924,4
20454,4
41224,9
67940,0
66241,1
82288,2
29521,8
53402,7
31575,6
52046,1
32241,6
89548,0
91049,5
38759,9
51792,1
68594,9
44912,0
54493,1
27202,0
66691,1
63776,6
50551,6
52069,7
32307,8
63625,8
66532,9
70399,6
64316,1
90067,8
25664,5
40326,6
86934,9
59237,9
28384,4
84074,4
41917,4
55524,5
59157,7
33481,7
58903,9
45271,9
74429,7
27294,7
97274,6
34554,9
94296,0
93669,7
44764,6
92763,1
48713,5
98092,5
56123,8
72743,5
34084,7
98959,5
60074,2
60837,5
52949,5
91048,5
70539,1
26804,5
77001,9
20035,2
22042,8
73213,5
66368,6
63553,3
27286,2
23373,0
28661,2
84331,7
66036,4
27530,2
37958,1
83180,6
20253,8
97255,8
52128,1
60341,5
74955,9
95260,4
76069,1
37027,4
31847,6
58395,6
83166,8
29235,2
98952,3
89005,7
82686,5
21047,0
47706,5
99107,1
40365,5
23743,5
87905,7
37639,0
88580,0
64189,1
82368,0
30257,9
51490,6
39091,2
62500,4
96803,4
70447,4
41252,3
98358,1
94814,7
30697,9
25143,4
97514,6
76848,4
54863,2
81054,7
21923,1
88787,1
56433,2
79347,7
75739,4
70336,6
71758,8
23840,7
98576,2
58933,2
41528,6
72578,0
41933,7
76976,5
27822,8
86737,9
76602,2
33624,2
80593,5
71778,8
65456,6
56462,0
71306,8
81782,1
20547,6
54333,9
40719,2
92662,1
23350,4
61149,3
82429,6
62763,7
59995,2
77675,8
55780,6
54005,6
86958,1
81465,1
65460,1
81684,7
89644,5
22475,3
50451,4
79340,9
67765,9
98602,0
55285,9
95431,8
57284,7
33653,6
70671,6
91971,2
42165,1
25999,1
82569,1
57466,8
87653,1
64254,4
26475,3
50708,9
21770,7
90321,2
32034,9
59219,8
87111,0
57826,1
36606,8
43117,2
89150,0
50809,6
74258,8
76949,3
38767,8
79366,5
99298,5
71970,8
25681,7
42246,8
62799,2
43649,8
84773,6
88523,5
70757,1
27484,5
31652,4
83711,3
43177,4
36480,6
28911,3
79501,6
62900,1
20497,0
72703,2
99494,7
48668,4
62159,7
99349,8
25453,6
21708,8
80947,2
76942,2
50920,3
44785,6
95713,2
27736,1
92253,4
51387,1
79543,5
94867,3
63598,4
99295,2
74178,5
28987,2
21882,9
68225,4
44327,7
88427,9
46408,2
73858,2
27438,4
49870,2
40828,0
71904,2
89490,7
52543,6
85018,1
71198,4
78780,7
73770,5
85540,8
39750,8
36715,2
58078,3
54605,3
56429,4
67361,8
78276,5
30488,0
42044,3
25886,5
58506,0
31223,3
36569,1
74569,9
38488,5
97417,5
95336,2
46025,7
74513,9
62993,9
23483,6
64563,9
73083,2
29433,0
34727,3
82200,6
30027,2
75690,1
74994,9
68961,8
59137,1
53803,5
74175,4
94595,3
49249,2
20759,2
80535,5
68423,7
28303,3
22573,4
53774,5
76585,9
69019,2
81071,7
35621,1
48602,5
20192,0
96347,4
55062,3
64732,8
21891,0
61211,9
60077,1
23808,2
73094,8
95599,6
72001,8
32603,1
24469,1
98407,7
97418,5
68190,9
45591,8
57861,2
68254,3
68617,1
76381,4
72661,9
83119,7
79098,2
47607,6
51926,8
98884,2
43574,5
44185,1
42394,1
42553,1
54170,2
99358,1
92828,0
24167,2
59993,0
94565,7
67706,1
93096,5
60742,7
90864,6
67853,7
79514,6
50322,0
51537,2
71547,4
25484,3
93883,0
88986,9
30261,9
66934,7
53992,7
68987,1
86920,0
29122,6
28010,0
53094,2
69514,9
58253,0
28652,8
75029,3
69487,5
49903,5
63816,7
83213,6
64766,0
93727,9
38035,5
64860,6
72425,7
84013,4
53989,8
45595,5
45956,4
47806,3
83695,1
70536,9
62106,8
60614,6
79977,1
63973,7
85465,8
54110,8
99538,4
23892,9
98551,2
21938,8
99020,6
36264,1
85807,6
70461,9
75276,6
35481,8
20948,4
51648,3
54037,4
66269,2
52574,8
43424,4
65314,2
78726,1
47801,4
85477,3
29603,7
93206,8
70300,9
85505,7
69570,5
46304,1
71263,7
42798,9
51613,2
99065,2
67100,1
24136,4
60722,2
24253,8
79189,2
64279,7
56847,7
96265,9
38116,0
32705,7
45649,8
57532,0
43876,4
72978,7
99412,0
72503,7
29358,0
31281,6
48355,1
93705,2
23591,2
42369,1
69961,9
55790,1
90397,4
25035,0
43190,6
38974,5
80990,3
22144,1
95899,6
43520,8
81999,9
33116,4
50656,4
81663,1
53957,2
63707,2
46937,4
44082,9
21265,9
59497,5
37242,7
48802,0
61282,5
37351,7
53471,0
51839,0
53835,4
67969,8
49919,3
67212,2
39434,0
75323,1
90631,1
61645,0
72636,3
69220,5
71475,2
36911,4
33170,9
50106,9
59174,0
90486,8
76154,0
30638,9
94788,8
26775,8
66990,5
20501,5
39174,1
83876,3
70138,6
36609,5
34421,3
31888,6
81125,0
93783,4
98774,5
72304,2
53676,2
97990,1
58752,6
91747,3
58617,2
76461,7
76609,9
74164,2
43326,0
62350,0
31085,2
31580,1
93475,7
81558,5
48073,5
40560,6
95360,6
45462,6
80834,0
73919,4
22574,0
88681,1
56944,4
37196,7
39122,5
58828,0
21819,9
86098,6
78568,7
60959,1
75749,0
97806,5
39223,2
65046,4
48954,7
72441,7
77940,0
38172,5
64665,9
67645,3
47022,3
41239,0
46184,5
56810,8
33604,7
61952,8
88094,1
57778,1
24456,5
46695,5
78547,5
77274,7
84930,7
63172,9
83539,8
80148,8
95549,2
45789,4
90559,9
97376,4
37161,7
41955,3
21736,6
36303,7
73598,7
56788,3
89519,5
34008,4
59473,3
24340,0
27820,4
40289,8
47060,6
24448,0
30461,8
83678,2
63207,7
24030,7
68685,2
44325,8
48524,1
75557,4
96723,2
90956,2
43911,3
52474,8
83580,2
74069,8
83570,5
82230,2
96230,4
67601,9
59166,1
85701,7
42742,5
56312,9
51726,4
31923,5
29057,5
55069,2
32354,4
26905,0
57607,2
49449,0
30454,2
52301,4
57170,2
97041,7
53429,7
77073,4
70935,7
41216,1
48055,4
76656,7
20316,3
97741,3
68958,5
75103,3
81712,8
60874,7
28014,9
59789,8
70050,8
80433,1
71405,5
39463,5
51389,4
47478,3
46808,4
71846,7
98745,9
84239,6
70942,6
32490,4
69962,3
59199,3
96456,9
55669,2
86206,6
34745,7
22361,1
35669,6
72653,4
75377,8
41475,1
88364,2
73017,9
76503,0
88715,5
60087,0
39048,2
58717,2
44999,3
50360,1
34007,0
67783,5
92766,7
92034,5
71771,9
27965,8
87858,3
30254,8
21892,4
29539,3
38123,9
92076,1
80664,0
92341,1
25592,7
36361,2
86822,1
20717,7
59591,4
93588,4
38086,8
63541,2
63406,8
57049,7
41919,7
40810,0
62000,0
33388,0
99522,8
44295,4
20574,2
22550,2
99210,6
64444,9
96214,5
21109,8
56723,4
66093,8
50649,4
90034,6
42107,2
58670,7
43156,6
37948,0
99120,8
22998,7
55181,9
80588,6
47097,0
86631,3
43778,8
91338,3
21507,7
64083,1
47536,6
57850,2
89573,8
36143,3
88283,0
20859,1
62646,2
53516,9
94816,7
74648,7
61118,7
90597,8
40928,1
25140,9
56118,9
46380,2
98568,6
25894,8
63330,9
81517,0
79487,5
21508,3
85939,4
97382,3
52552,3
47140,2
27805,5
83765,0
95654,4
39242,3
42392,0
79774,6
35240,5
39733,8
25499,3
58697,9
34376,2
71639,3
55371,0
73582,0
65801,0
91274,0
76234,5
27553,0
75132,4
97510,7
26152,1
28380,2
34894,0
33246,6
26363,8
82914,7
96193,7
58042,4
98239,0
21848,9
88495,9
94803,0
75489,7
28541,1
20511,4
49067,9
24997,4
59788,0
55335,4
26914,8
81117,5
95206,0
53718,3
40629,0
28310,1
21082,5
94108,4
86556,0
32258,5
97300,0
63092,0
63036,1
94239,1
96758,0
38119,6
78460,0
26351,3
65095,3
62551,0
68428,5
41053,7
81542,4
25730,2
67795,0
48272,2
56074,3
41680,0
98197,0
88796,1
20101,6
57917,4
56488,4
67366,6
95108,2
57809,4
20324,8
81739,9
69960,2
49784,5
62254,7
94141,1
49825,7
83587,4
48215,5
75492,6
43021,7
91837,9
63343,3
73676,1
97377,9
41769,7
50437,9
87602,7
30012,6
89037,1
21213,7
43378,4
44317,8
95892,9
31177,3
45618,4
40082,6
86499,7
22232,1
25255,4
95102,4
27604,1
37772,0
35404,4
68681,8
39459,2
26244,5
51520,3
99287,0
45035,7
67131,1
86490,8
53817,1
20955,7
31463,1
72428,8
21981,2
35864,4
70889,6
61349,7
25467,8
69797,6
32262,5
94999,3
58757,4
75822,0
23286,5
85316,8
23385,6
47900,4
80943,4
37548,6
43666,7
29703,9
82388,1
91702,1
63314,1
66067,1
29879,5
73962,0
66141,6
23652,1
94606,0
73684,0
64574,5
38794,5
76052,0
49625,1
63354,5
93410,3
88764,7
62558,0
57726,5
33539,6
89283,3
83363,6
31186,5
48795,3
99067,9
63491,9
26824,2
96636,0
72158,9
80951,8
25615,9
78325,4
76400,5
98654,2
99452,8
99997,8
52222,2
47233,3
43881,8
46028,8
43145,9
60370,3
64070,9
45353,9
38073,7
36318,1
40970,1
61070,4
61925,0
66069,9
55287,2
70000,9
34706,6
97444,5
32207,7
77801,7
89109,9
22241,8
97168,2
54592,0
46790,9
88652,5
37859,2
20593,6
42119,7
40134,9
47231,4
58410,8
34197,8
93585,9
85746,9
50050,7
82696,1
89703,0
37647,3
45756,5
89765,8
74833,5
80648,4
89657,9
43914,9
51248,7
66993,4
94801,5
88117,4
98143,8
42942,9
35873,3
24406,9
29179,7
94054,8
52241,9
27242,1
77171,2
87597,6
43078,8
60361,9
33015,4
50384,4
78804,7
34762,3
56066,2
36668,2
41607,2
43069,3
28470,4
36724,5
22684,0
33974,8
41093,5
49293,9
58195,6
66592,0
77350,5
82885,0
41825,8
23778,8
73249,7
93520,6
94061,7
85770,4
51873,5
63807,5
25969,5
75874,0
24486,0
74163,6
92159,7
85374,9
52312,7
87468,9
37654,4
36371,8
32930,6
71009,0
67472,6
99226,8
58519,6
80458,1
